run,solution_idx,f1,f2,chromosome,n_evaluations,n_generations
0,0,64658.66561619001,14.053407768089338,"57,25,83,15,98,75,14,124,45,53,91,103,4,32,61,39,87,97,94,27,116,89,90,106,52,67,18,16,79,29,51,125,3,35,7,71,60,10,20,12,115,88,17,82,43,93,107,44,77,112,62,84,22,19,11,58,121,34,38,6,33,76,54,70,99,46,120,66,48,41,23,119,69,26,110,37,56,28,47,2,80,64,95,96,85,122,55,65,102,21,59,81,5,108,8,78,68,73,30,105,72,42,49,92,113,123,111,74,100,101,36,40,104,13,114,9,31,86,118,63,109,50,24,117",5000,100
0,1,63956.651252986994,14.176442907760327,"109,63,86,118,31,56,28,47,2,80,64,119,69,26,110,37,55,65,102,21,59,81,5,108,8,78,68,73,30,105,72,99,70,54,34,38,6,33,76,121,114,9,40,104,13,36,101,100,123,111,74,84,22,19,11,58,113,92,49,122,96,95,48,23,41,66,42,29,79,51,3,125,60,10,20,71,7,35,17,82,43,93,4,61,39,103,91,53,45,124,98,75,14,15,50,83,57,25,24,67,117,16,18,52,116,89,90,106,85,77,112,27,94,97,87,32,12,115,88,62,107,44,120,46",5000,100
0,2,61944.29364332674,14.637085119302796,"61,39,103,4,53,45,124,98,75,14,15,50,83,57,25,24,67,117,60,10,20,71,7,35,3,125,51,79,29,16,18,82,17,44,91,43,93,88,12,115,116,89,90,106,52,100,101,36,40,104,13,114,9,34,54,70,99,46,120,73,68,42,108,8,78,65,102,21,59,81,5,55,122,49,22,19,11,58,121,76,38,6,33,72,105,30,66,23,48,95,69,26,110,37,80,64,47,2,56,28,31,86,118,63,109,96,85,77,112,87,32,97,94,27,107,62,84,123,111,74,92,113,41,119",5000,100
0,3,64976.3863130678,12.788944187289486,"41,119,69,26,110,37,80,64,47,2,56,28,31,86,118,63,109,96,85,77,112,87,97,94,32,61,39,103,4,53,45,124,98,75,14,15,50,83,57,25,24,67,18,117,60,71,7,35,3,125,51,79,29,16,93,43,82,17,44,107,62,84,22,19,92,113,123,111,74,100,101,36,40,104,13,114,9,34,38,6,33,76,121,58,11,42,108,8,78,65,102,21,59,81,5,66,23,48,95,105,72,99,46,120,73,68,30,122,49,55,70,54,12,115,88,91,89,90,106,52,116,10,20,27",5000,100
1,0,66641.8711448198,12.668791177385227,"101,121,114,36,40,104,9,6,34,38,76,33,99,46,120,73,68,42,8,78,102,65,55,122,49,105,72,54,70,48,69,95,59,81,5,30,108,66,41,23,119,110,26,2,47,80,37,56,28,85,96,86,118,63,109,19,92,113,58,11,22,84,13,100,111,123,74,45,4,103,39,91,53,75,98,124,15,14,24,50,83,57,25,32,87,97,94,112,44,61,107,77,43,82,93,12,115,88,116,89,90,106,52,117,51,16,18,125,3,7,35,29,79,10,20,71,60,67,31,64,21,62,17,27",5000,100
1,1,62137.87301513668,17.832605994281685,"91,53,45,124,15,4,103,39,61,32,87,97,94,112,77,44,93,82,17,43,75,14,98,83,57,25,50,24,67,117,18,16,79,29,10,20,71,7,35,3,125,60,12,115,88,116,89,90,106,52,51,6,33,76,38,34,54,70,46,120,30,105,72,99,66,41,23,48,69,95,59,5,81,108,42,68,73,8,78,102,21,65,55,122,96,85,118,86,31,56,28,64,80,37,110,26,119,47,2,63,109,27,49,84,62,123,111,74,92,19,11,58,121,114,9,40,104,13,100,101,36,22,113,107",5000,100
1,2,64666.151520698426,13.770918639787787,"27,80,2,47,56,28,31,86,118,63,109,85,96,95,48,23,41,119,69,26,110,37,64,74,111,123,78,8,108,42,68,73,30,105,120,46,99,72,54,70,34,6,33,76,38,104,13,114,9,40,36,121,58,11,19,92,113,22,84,62,107,77,112,87,97,94,4,61,39,91,53,45,124,98,75,14,15,50,83,57,25,24,67,117,18,16,79,29,12,115,88,93,43,82,17,44,103,51,125,3,35,7,71,60,20,10,52,116,89,90,106,49,122,21,102,65,55,81,5,59,66,100,101,32",5000,100
1,3,62973.913194195884,14.682560884363758,"94,32,87,97,4,103,39,91,53,45,124,98,75,14,15,50,83,57,25,24,67,117,18,16,79,29,10,20,60,125,3,35,7,71,116,89,90,106,52,51,123,111,74,100,101,36,9,114,121,58,11,76,33,6,38,34,54,99,72,105,30,42,108,78,8,65,55,122,49,96,95,69,26,110,37,80,64,47,2,28,56,31,86,118,63,109,27,77,85,62,84,22,19,92,113,21,102,81,5,59,48,23,41,119,120,46,68,73,107,44,17,82,43,93,12,115,88,104,13,40,70,66,61,112",5000,100
1,4,63831.44409393625,14.296175112153959,"44,107,62,84,22,19,92,113,123,111,74,100,101,36,9,114,121,58,11,76,33,6,34,38,104,13,40,99,46,120,30,105,72,66,81,5,59,48,95,69,26,110,37,80,64,47,2,28,56,31,86,118,63,109,27,94,97,87,112,85,96,119,23,41,78,8,108,42,68,73,122,21,102,65,55,49,54,70,17,82,43,93,16,79,29,51,125,3,35,7,71,60,10,20,12,115,88,25,24,67,117,18,52,116,89,90,106,103,4,53,45,124,98,75,14,15,50,83,57,91,39,61,32,77",5000,100
2,0,62239.24531474391,13.448060135044607,"77,112,94,32,87,97,83,57,25,24,50,15,14,98,75,124,45,53,91,103,4,61,39,44,17,82,43,93,79,29,10,20,60,71,116,89,90,106,52,115,88,12,35,7,3,125,51,117,18,16,67,108,42,30,120,46,70,54,99,34,38,114,9,40,104,13,58,11,19,92,113,22,84,49,122,55,65,102,21,59,81,5,66,41,23,48,95,69,119,26,110,37,80,64,2,47,56,28,31,86,118,63,109,27,101,36,121,6,33,76,74,100,72,105,73,68,8,78,62,123,111,96,85,107",5000,100
2,1,66121.4883842155,11.72094803492321,"115,12,88,9,40,104,13,34,38,6,33,76,114,121,58,11,19,92,113,22,84,62,85,96,122,55,65,102,21,59,81,5,108,42,30,105,72,120,46,70,54,99,78,8,68,73,49,66,41,23,48,95,69,119,26,110,37,80,64,47,2,28,56,118,63,86,31,109,27,94,97,87,32,61,39,103,4,53,45,124,98,75,14,15,50,83,57,25,24,67,117,18,16,79,29,10,20,60,125,3,35,7,71,116,89,90,106,52,123,111,74,100,101,36,91,44,17,82,43,93,51,77,112,107",5000,100
2,2,63527.101983877255,12.370615974056996,"67,117,18,16,79,29,10,20,60,125,3,35,7,71,116,89,90,106,52,115,88,12,98,75,14,15,50,83,57,25,24,93,82,43,17,44,107,77,112,66,41,23,48,95,69,119,26,110,37,80,64,2,47,56,28,31,86,118,63,109,27,94,97,87,32,61,39,103,4,53,45,124,91,122,55,65,102,21,59,81,5,108,42,30,105,72,120,46,70,54,99,34,38,6,33,76,114,9,40,104,13,58,11,19,92,113,22,84,62,123,111,74,100,101,36,121,68,73,8,78,49,85,96,51",5000,100
2,3,65943.02257727722,12.08662505376548,"83,57,25,24,67,117,18,16,79,29,10,20,60,125,3,35,7,71,116,89,90,106,52,115,12,88,111,123,74,100,101,36,40,104,13,34,38,114,9,121,58,11,19,92,113,22,84,49,122,55,65,102,21,59,81,5,108,42,68,73,8,78,62,85,96,41,23,48,95,69,119,26,110,37,80,64,47,2,28,56,118,63,109,27,94,97,87,32,61,39,103,4,53,45,124,98,75,14,15,50,112,77,107,44,17,82,43,93,51,91,66,46,120,105,72,99,54,70,76,6,33,30,86,31",5000,100
2,4,62889.00814455567,12.954536594007248,"50,83,57,25,24,67,117,18,16,79,29,10,20,60,125,3,35,7,71,116,89,90,106,52,115,12,88,111,123,74,100,101,36,40,104,13,34,38,6,33,76,114,121,58,11,19,92,113,22,84,62,85,96,59,81,5,108,42,30,105,72,120,46,70,54,99,78,8,68,73,65,102,21,122,55,49,66,41,23,48,95,69,119,26,110,37,80,64,2,47,56,28,31,86,118,63,109,27,94,97,87,32,61,39,103,4,53,45,124,98,75,14,15,17,82,43,93,51,91,44,107,77,112,9",5000,100
3,0,65660.02345684584,14.147272836830538,"3,7,35,10,20,71,60,125,51,79,29,16,18,117,67,93,82,43,50,24,25,57,83,42,73,68,78,8,108,21,5,81,59,95,69,26,110,37,80,64,47,2,56,28,31,86,118,63,109,27,94,97,32,61,39,103,4,53,45,124,98,75,14,15,91,87,77,112,107,44,17,88,115,12,90,52,106,89,116,40,104,13,33,6,38,34,121,58,11,19,92,113,74,123,111,101,36,114,9,76,70,54,84,49,122,55,65,102,23,41,48,119,66,96,85,72,105,30,120,46,99,22,100,62",5000,100
3,1,64821.54317226965,14.783676586884791,"59,95,69,26,110,37,80,64,2,47,56,28,31,86,118,63,109,96,49,122,55,65,102,21,5,81,108,78,8,68,73,120,105,30,42,66,41,23,48,119,72,99,46,70,54,121,58,11,19,92,113,123,111,74,100,101,36,114,9,40,104,13,38,34,6,33,76,107,44,17,82,43,93,79,29,51,125,3,35,7,71,60,10,20,12,115,88,16,18,117,67,116,89,90,52,106,124,98,75,15,4,103,91,53,45,39,61,32,97,87,94,112,77,85,62,84,22,27,83,57,25,24,50,14",5000,100
3,2,64209.163460730604,15.112267296384426,"62,84,22,19,92,113,123,111,74,100,101,36,114,9,40,104,13,33,76,6,34,38,70,46,120,105,30,42,108,78,8,5,81,59,95,69,48,23,41,66,122,55,65,102,21,49,99,54,121,58,11,96,119,26,110,37,80,64,2,47,56,28,31,86,118,63,109,112,77,32,61,39,103,4,53,45,124,98,75,14,15,50,24,67,18,16,117,91,17,43,82,93,12,115,88,29,79,51,125,3,35,7,71,60,10,20,116,89,90,52,106,68,73,72,85,27,94,97,87,44,107,25,57,83",5000,100
3,3,65096.376529615765,14.665827804468162,"91,53,45,124,98,75,14,15,50,83,57,25,24,7,71,60,10,20,12,115,88,29,79,51,125,3,35,43,82,17,44,107,62,95,69,26,110,37,80,2,47,56,28,31,86,118,63,109,85,96,49,122,55,65,102,21,59,81,5,108,8,78,68,73,120,30,42,66,41,23,48,119,64,72,105,46,70,54,99,6,33,76,36,40,104,13,38,34,114,9,101,121,58,11,19,92,113,123,111,74,100,93,16,117,67,18,90,106,52,116,89,27,103,4,61,39,87,97,94,112,77,32,84,22",5000,100
3,4,63715.04552387904,15.468127739922073,"32,61,39,103,4,91,53,45,124,98,75,14,15,50,24,25,57,83,89,90,106,52,116,7,71,60,10,20,12,93,43,82,17,44,107,77,112,94,97,87,27,115,88,29,18,16,79,51,125,3,35,67,117,70,54,99,46,120,73,68,78,8,108,42,5,81,59,66,105,72,30,96,95,48,23,41,119,26,110,37,80,64,47,2,56,28,31,86,118,63,109,85,62,84,22,19,92,113,123,111,74,100,101,36,114,9,40,104,13,33,76,34,38,6,121,58,11,55,65,102,21,49,122,69",5000,100
3,5,67398.46798860199,14.076293575239418,"103,4,91,53,45,124,98,75,14,15,50,24,25,57,83,32,61,39,87,94,97,12,115,88,16,18,117,67,51,125,3,7,71,60,10,20,29,79,89,116,52,106,90,35,43,82,17,44,107,62,84,22,19,92,113,123,111,74,100,101,36,40,104,13,33,76,6,34,38,121,58,11,54,99,46,120,105,72,30,42,108,8,78,68,73,65,102,21,59,81,5,66,41,23,48,95,69,26,110,37,80,64,2,47,56,28,31,86,118,63,109,85,77,112,93,27,122,55,49,96,119,70,114,9",5000,100
3,6,64503.931820038626,14.791632348840091,"50,24,67,117,18,16,79,29,51,125,3,35,7,71,60,10,20,116,89,90,52,106,88,115,75,14,15,98,124,45,53,91,103,4,61,39,87,97,94,32,57,83,25,112,77,85,96,95,69,26,110,37,80,64,2,47,56,28,31,86,118,63,109,27,62,84,22,19,92,113,123,111,74,100,101,36,40,104,13,34,38,6,33,76,70,54,99,46,120,72,105,30,42,8,78,68,73,55,65,102,21,59,81,5,108,66,41,23,48,119,122,49,11,58,121,114,9,44,107,43,82,17,93,12",5000,100
3,7,64071.957966187954,15.420518394115438,"21,102,65,55,122,49,96,95,69,119,26,110,37,80,64,2,47,56,28,31,86,118,63,109,85,62,84,22,19,92,113,123,111,74,100,101,36,114,9,40,104,13,33,76,6,34,38,70,54,99,46,120,30,42,108,78,8,68,73,5,59,81,66,41,23,48,105,72,11,58,121,116,89,90,106,52,12,115,88,93,43,82,17,44,107,77,112,94,97,87,32,61,39,103,4,53,45,124,98,75,14,15,50,24,25,57,83,27,91,10,20,60,125,3,35,7,71,117,67,18,16,79,29,51",5000,100
3,8,63008.37470689224,19.150288875467147,"77,112,94,97,87,32,61,39,103,4,91,53,45,124,98,75,14,15,50,24,67,117,18,16,79,29,51,125,3,35,7,71,60,10,20,12,115,88,93,43,82,17,44,107,62,84,22,19,92,113,123,111,74,100,101,36,114,9,40,104,13,38,34,6,33,76,121,58,11,49,122,55,65,102,21,59,81,5,66,41,23,48,119,26,110,37,80,64,2,47,56,28,31,86,118,63,109,85,96,95,69,8,78,68,73,42,108,30,105,72,99,46,120,70,54,106,52,116,89,90,27,83,57,25",5000,100
3,9,63543.15265602747,15.606315818462905,"97,87,32,61,39,103,4,91,53,45,124,98,75,14,15,50,24,25,57,83,51,125,3,35,7,71,60,10,20,12,115,88,93,43,82,17,44,107,62,84,22,19,92,113,123,111,74,100,101,36,114,9,40,104,13,54,99,46,120,105,72,119,26,110,37,80,64,2,47,56,28,31,86,118,63,109,112,77,85,96,95,69,48,23,41,66,81,5,108,8,78,68,73,65,102,21,59,30,42,122,55,49,11,58,121,6,33,76,70,34,38,89,90,106,52,116,79,29,16,18,117,67,27,94",5000,100
3,10,63533.22661167632,18.074145636362154,"27,94,97,87,32,61,39,103,4,91,53,45,124,98,75,14,15,50,83,57,25,24,67,117,18,16,79,29,51,125,3,35,7,71,60,10,20,12,115,88,93,43,82,17,44,107,62,84,22,19,92,113,123,111,74,100,101,36,40,104,13,38,34,6,33,76,121,58,11,54,99,46,120,105,30,42,108,8,78,68,73,65,102,21,59,81,5,66,41,23,48,95,69,26,110,37,80,64,2,47,56,28,31,86,118,63,109,85,96,55,122,49,119,70,72,116,89,90,106,52,112,77,114,9",5000,100
4,0,65038.83240618151,12.807329216542364,"53,45,124,98,75,14,15,50,83,57,25,24,67,18,16,79,29,125,3,7,71,60,10,20,12,115,88,93,82,43,17,44,107,77,85,62,84,49,122,55,65,102,21,5,108,78,8,68,42,30,105,72,99,46,120,73,11,58,121,36,9,40,104,13,101,92,19,22,113,123,111,74,100,34,38,6,33,76,70,54,81,59,48,23,41,66,119,95,69,26,110,37,56,28,47,2,80,64,118,86,31,63,109,96,97,87,61,32,4,103,39,91,116,89,90,106,52,35,117,51,94,27,112,114",5000,100
4,1,62903.93000046372,13.1449501838223,"30,42,108,8,78,102,65,55,122,49,22,84,62,123,111,74,100,104,13,34,38,6,33,76,114,9,40,54,70,46,120,105,72,99,73,68,66,81,5,59,21,95,48,23,41,119,26,110,37,56,28,47,2,80,64,118,86,31,63,109,85,96,97,87,61,39,91,53,45,124,98,75,14,15,50,83,57,25,24,67,117,18,16,79,29,125,3,35,7,71,60,10,20,12,115,88,51,52,116,89,90,106,27,112,77,44,107,17,82,43,93,4,103,32,94,113,92,19,11,58,121,36,101,69",5000,100
4,2,62562.8273231955,16.578610357800677,"97,87,61,39,91,53,45,124,98,75,14,15,4,103,32,83,57,25,24,50,51,125,3,35,7,71,60,10,20,12,115,88,93,43,82,17,44,107,77,112,85,62,123,111,74,100,101,36,9,40,104,13,34,38,6,33,76,114,121,58,11,19,92,113,22,84,49,70,54,46,120,30,105,72,99,73,68,42,108,8,78,102,65,55,122,21,59,81,5,95,48,23,41,66,119,69,26,110,37,56,28,47,2,80,64,118,86,31,63,109,27,94,106,52,116,89,90,79,29,16,18,117,67,96",5000,100
4,3,62799.20196091904,14.34642876696054,"97,87,61,32,4,103,39,91,53,45,124,98,75,14,15,50,83,57,25,24,67,117,18,16,79,29,125,3,35,7,71,60,10,20,12,115,88,93,43,82,17,44,107,77,112,94,113,92,19,11,58,121,36,9,40,104,13,34,38,6,33,76,70,54,99,72,105,30,42,108,8,78,102,65,55,122,49,22,84,62,123,111,74,100,101,114,73,68,120,46,81,5,59,21,95,48,23,41,66,119,69,26,110,37,56,28,47,2,80,64,118,86,31,63,109,27,85,96,51,52,116,89,90,106",5000,100
5,0,65292.25595588732,12.889737340990436,"67,51,79,29,10,20,71,7,35,3,125,60,12,115,88,17,44,107,77,112,94,97,87,32,4,61,39,103,91,53,45,124,98,75,14,15,50,83,57,25,24,18,16,117,93,82,43,89,90,106,52,116,41,48,23,119,26,110,37,64,80,47,2,28,56,118,86,31,63,109,27,49,22,19,92,113,101,36,40,104,13,70,99,46,120,72,105,30,42,108,8,78,102,21,59,5,81,122,55,65,73,68,95,96,85,62,84,111,123,74,100,34,38,114,9,121,58,11,33,76,6,54,66,69",5000,100
5,1,62911.5596802358,15.466543174200636,"44,107,62,84,22,19,92,113,101,36,40,104,13,34,38,6,33,76,70,54,99,46,120,105,30,42,108,8,78,68,73,21,102,65,55,122,49,5,81,59,48,95,69,26,110,37,80,64,47,2,28,56,31,118,86,63,109,27,94,97,87,32,61,39,103,4,124,98,75,14,15,50,83,57,25,24,67,117,18,16,79,29,51,125,3,7,35,71,60,10,20,12,115,88,17,82,43,93,91,53,45,100,74,111,123,119,23,41,66,72,9,114,121,58,11,96,85,77,112,116,89,90,106,52",5000,100
5,2,65201.68393749871,13.450280093815003,"97,87,32,61,39,103,4,53,45,124,98,75,14,15,50,83,57,25,24,67,117,18,16,79,29,51,125,3,7,35,71,60,10,20,12,115,88,17,44,107,62,84,22,19,92,113,101,36,40,9,114,121,58,11,33,76,70,99,46,120,30,42,108,8,78,68,73,65,55,122,49,111,123,74,100,34,38,6,54,104,13,66,41,23,48,95,69,119,26,110,37,80,64,47,2,28,56,31,118,86,63,109,27,94,112,77,85,96,21,102,5,81,59,105,72,106,52,116,89,90,93,82,43,91",5000,100
5,3,64655.338442323286,13.710173526673099,"121,58,11,19,92,113,101,36,40,104,13,34,38,6,33,76,70,99,46,120,105,30,42,108,8,78,102,65,55,122,49,22,84,62,123,111,74,100,66,41,23,48,95,69,26,110,37,80,64,47,2,28,56,31,118,86,63,109,85,96,21,59,81,5,73,68,114,9,54,72,119,53,45,124,98,75,14,15,50,24,67,117,18,16,79,29,51,125,3,7,35,71,60,10,20,12,115,88,17,82,43,93,91,39,103,4,61,32,97,87,94,112,77,107,44,52,116,89,90,106,27,83,57,25",5000,100
5,4,62922.6492381866,13.993570608156908,"44,107,62,84,22,19,92,113,101,121,58,11,13,34,38,6,33,76,70,99,46,120,105,30,42,108,8,78,68,73,5,81,59,21,102,65,55,122,49,77,112,85,96,95,69,119,26,110,37,80,64,47,2,28,56,31,118,86,63,109,27,94,97,87,32,61,39,103,4,14,15,50,24,67,117,18,16,79,29,51,125,3,7,35,71,60,10,20,12,115,88,17,82,43,93,91,53,45,124,98,75,89,90,106,52,116,100,111,123,74,48,23,41,66,72,54,114,9,40,104,36,25,57,83",5000,100
6,0,63140.29444072672,19.87234346024837,"16,18,117,67,51,79,29,93,82,43,17,44,107,62,84,22,92,113,19,11,58,121,36,114,9,40,104,13,99,46,120,30,105,72,42,108,8,78,102,65,55,122,49,73,68,66,41,23,48,95,69,119,26,110,37,80,64,2,47,28,56,118,86,63,109,31,96,85,77,112,94,97,87,32,61,39,103,4,91,53,45,124,98,75,14,15,50,24,83,25,57,125,3,35,7,71,60,10,20,12,115,88,100,101,38,6,33,76,34,54,70,74,123,111,21,5,81,59,116,89,90,106,52,27",5000,100
6,1,63337.0312032049,14.302345731578633,"96,21,5,66,81,59,95,69,119,26,110,37,80,64,2,47,28,56,118,86,63,109,31,27,94,97,87,32,61,39,103,4,91,53,45,124,98,75,14,15,50,24,25,57,83,116,89,90,106,52,67,117,18,16,79,29,51,125,3,35,7,71,60,10,20,12,115,88,93,82,43,17,44,107,62,49,123,111,74,100,101,48,23,41,120,30,105,72,99,46,34,38,6,33,76,70,54,36,114,9,40,104,13,58,121,11,19,92,113,22,84,65,55,122,42,108,8,78,68,73,102,85,77,112",5000,100
6,2,64849.78962869609,14.20950507942047,"102,65,55,122,49,73,68,78,8,108,42,30,105,72,99,46,120,54,70,76,6,33,34,38,9,40,104,13,101,111,74,123,100,84,22,19,11,58,121,36,114,66,41,23,48,95,69,119,26,110,37,80,64,2,47,28,56,118,86,31,63,109,27,94,97,87,32,61,39,103,4,53,45,124,98,75,14,15,50,24,117,18,16,79,29,51,125,3,35,7,71,60,10,20,12,115,88,93,82,43,17,44,107,62,85,96,21,5,81,59,116,89,90,106,52,67,57,83,25,112,77,91,113,92",5000,100
6,3,64729.64275744371,14.226054366456296,"125,3,35,7,71,60,10,20,12,115,88,93,43,82,17,44,107,62,84,22,92,113,19,11,58,121,36,9,40,104,13,6,33,76,34,38,54,70,99,46,120,30,105,72,42,108,8,78,68,73,59,81,5,66,41,23,48,95,69,119,26,110,37,80,64,2,47,28,56,118,31,86,63,109,27,94,97,87,32,61,39,103,4,53,45,124,98,75,14,15,50,24,117,18,16,79,29,51,116,89,90,106,52,67,57,83,25,91,112,77,85,96,55,102,65,122,49,123,111,74,100,101,114,21",5000,100
6,4,65137.077435451705,12.375190047822425,"14,15,50,24,25,57,83,91,53,45,124,98,75,43,82,17,44,107,62,84,22,92,113,19,11,58,121,36,9,40,104,13,6,33,76,34,38,54,70,99,46,120,30,105,72,42,108,8,78,65,55,122,49,73,68,66,41,23,48,95,69,119,26,110,37,80,64,2,47,28,56,118,31,86,63,109,102,21,59,81,5,101,111,74,123,100,85,96,27,94,97,87,32,61,39,103,4,112,77,3,35,7,71,60,10,20,12,115,88,93,29,51,125,79,16,18,117,67,116,89,90,106,52,114",5000,100
6,5,64974.70615605301,14.147272836830538,"98,75,14,15,50,24,117,18,16,79,29,51,125,3,35,7,71,60,10,20,12,115,88,93,43,82,17,44,107,62,84,22,92,113,19,11,58,121,36,9,40,104,13,6,33,76,34,38,54,70,99,46,120,30,105,72,42,108,8,78,65,55,122,49,73,68,66,41,23,48,95,69,119,26,110,37,80,64,2,47,28,56,118,86,63,109,31,96,21,102,59,81,5,101,111,74,123,100,85,77,112,91,103,4,53,45,124,83,57,25,67,116,89,90,106,52,27,94,97,87,32,61,39,114",5000,100
7,0,62136.611201206004,16.069980111677655,"89,90,106,52,116,12,115,88,93,43,82,17,44,107,77,112,87,32,61,39,103,4,91,53,45,124,98,75,14,15,50,25,57,83,24,79,29,51,3,35,7,71,60,10,20,125,16,18,117,67,97,94,27,31,86,118,63,109,85,96,21,102,65,55,122,49,30,42,108,8,78,5,81,59,95,69,26,110,37,56,28,2,47,80,64,119,41,23,48,68,73,120,105,72,99,46,19,92,113,101,36,114,9,40,104,13,34,38,6,33,76,121,58,11,70,54,66,100,74,123,111,62,84,22",5000,100
7,1,62906.89036414065,12.682678005680659,"79,29,125,3,35,7,71,60,10,20,12,115,88,93,43,82,17,44,107,77,112,87,32,61,39,103,4,91,53,45,124,98,75,14,15,50,25,57,83,24,117,67,51,16,18,9,40,104,13,101,36,114,121,58,11,19,92,113,22,84,62,74,123,111,100,90,106,52,116,89,33,76,6,38,34,54,99,46,120,105,72,30,42,108,8,78,65,55,122,21,102,68,73,5,81,59,95,69,26,110,37,56,28,2,47,80,64,119,41,23,48,66,31,86,118,63,109,85,96,49,70,97,94,27",5000,100
8,0,63018.06052716144,19.652077555544476,"29,79,51,125,3,35,7,71,60,10,20,12,115,88,44,107,62,84,19,92,113,22,49,6,33,76,114,36,104,13,9,40,54,70,99,46,119,26,110,37,80,64,2,47,56,28,31,86,118,63,109,112,77,87,32,61,39,103,4,98,75,14,15,124,45,53,91,82,43,93,117,18,16,67,24,50,83,57,25,116,89,90,106,52,11,58,121,34,38,101,100,111,123,74,120,30,105,72,42,108,78,8,5,81,59,48,95,69,23,41,66,21,102,65,55,122,96,85,73,68,27,94,97,17",5000,100
8,1,62908.04447434638,21.010460403493827,"53,91,103,4,32,61,39,77,107,62,84,22,19,11,58,121,114,6,34,38,9,40,104,13,54,70,99,46,120,30,68,73,78,8,108,42,5,81,59,48,95,69,26,110,37,80,64,2,47,56,28,31,86,118,63,109,85,96,119,41,23,21,102,65,55,122,49,111,74,123,113,92,101,36,76,33,66,72,105,100,44,17,82,43,93,29,79,51,125,3,35,7,71,60,10,20,12,115,88,116,89,90,106,52,16,18,117,67,24,50,83,57,25,98,75,14,15,124,45,97,87,94,112,27",5000,100
8,2,64252.16806577072,13.637039932899217,"113,92,19,11,58,121,114,9,40,104,13,54,70,46,120,30,42,108,8,78,68,73,55,65,102,21,5,81,59,69,26,110,37,80,64,2,47,56,28,31,86,118,63,109,85,96,119,41,23,48,95,66,72,105,100,101,36,34,38,6,33,76,123,111,74,84,22,49,122,62,12,115,88,17,82,43,93,29,79,51,125,3,35,7,71,60,10,20,89,90,106,52,116,16,18,117,67,24,50,83,57,25,124,45,53,91,103,4,32,61,39,98,75,14,15,87,97,94,112,77,107,44,27,99",5000,100
8,3,63333.423479123936,15.175798721988947,"53,91,103,4,61,39,32,97,87,94,112,77,107,44,17,82,43,93,29,79,51,125,3,35,7,71,60,10,20,12,115,88,116,89,90,106,52,16,18,117,67,24,14,15,124,45,98,75,50,83,57,25,6,34,38,9,40,104,13,54,70,99,46,120,30,42,108,8,78,68,73,55,65,102,21,5,81,59,48,23,41,66,119,26,110,37,80,64,2,47,56,28,31,86,118,63,109,85,96,95,69,122,49,123,111,74,100,101,36,121,114,113,92,19,11,58,33,76,72,105,22,84,62,27",5000,100
8,4,64022.45803796018,13.697295972381458,"97,87,61,39,103,4,45,124,98,75,14,15,53,91,44,17,82,43,93,29,79,51,125,3,35,7,71,60,10,20,12,115,88,116,89,90,106,52,16,18,117,67,24,50,83,57,25,32,94,112,77,107,62,84,22,19,11,58,121,114,9,40,104,13,54,70,99,46,120,30,105,72,66,55,65,102,21,5,81,59,48,95,69,26,110,37,80,64,2,47,56,28,31,86,118,63,109,85,96,119,23,41,100,101,36,34,38,6,33,76,92,113,123,111,74,27,49,8,78,68,73,42,108,122",5000,100
8,5,64585.22041133855,13.371327067395091,"65,102,21,5,81,59,48,23,41,119,26,110,37,80,64,47,56,28,31,86,118,63,109,85,96,95,69,122,55,49,8,78,68,73,42,108,40,104,13,54,70,99,46,120,30,105,72,66,33,76,114,9,36,34,38,6,121,58,11,19,92,113,123,111,74,100,101,22,84,62,12,115,88,17,82,43,93,29,79,51,125,3,35,7,71,60,10,20,89,90,106,52,116,16,18,117,67,24,50,83,57,25,32,97,87,61,39,103,4,45,124,98,75,14,15,53,91,44,107,77,112,94,27,2",5000,100
8,6,64061.620763461615,13.665048994198331,"9,40,104,13,54,70,99,46,120,30,105,72,66,81,5,42,108,8,78,68,73,55,65,102,21,59,48,23,41,119,26,110,37,80,64,2,47,56,28,31,86,118,63,109,85,96,95,69,122,49,123,111,74,100,101,36,34,38,6,33,76,11,58,121,114,61,39,103,4,45,124,98,75,14,15,53,91,44,17,82,43,93,29,79,51,125,3,35,7,71,60,10,20,12,115,88,116,89,90,106,52,16,18,117,67,24,50,83,57,25,112,77,107,62,84,22,19,92,113,27,94,97,87,32",5000,100
8,7,63460.872540569355,14.892695778241514,"16,18,117,67,24,50,83,57,25,32,97,87,61,39,103,4,45,124,98,75,14,15,53,91,44,17,82,43,93,29,79,51,125,3,35,7,71,60,10,20,12,115,88,116,89,90,106,52,100,101,36,34,38,6,33,76,11,58,121,114,9,40,104,13,54,70,99,46,120,30,105,72,42,108,8,78,68,73,55,65,102,21,5,81,59,48,23,41,119,26,110,37,80,64,2,47,56,28,31,86,118,63,109,85,96,95,69,122,49,123,111,74,84,22,19,92,113,27,94,112,77,107,62,66",5000,100
8,8,63301.763252146,16.004540878129657,"27,94,97,87,61,39,103,4,45,124,98,75,14,15,53,91,44,17,82,43,93,29,79,51,125,3,35,7,71,60,10,20,12,115,88,116,89,90,106,52,16,18,117,67,24,50,83,57,25,32,112,77,107,62,84,22,19,11,58,121,114,9,40,104,13,54,70,99,46,120,30,105,72,66,81,59,48,23,41,119,26,110,37,80,64,2,47,56,28,31,86,118,63,109,85,96,95,69,122,55,65,102,21,5,42,108,8,78,68,73,49,123,111,74,100,101,36,34,38,6,33,76,92,113",5000,100
9,0,65896.91791193659,13.111446701339869,"53,45,124,98,75,14,15,17,44,107,125,60,71,10,20,35,7,3,51,79,29,16,117,18,93,115,88,12,89,116,52,106,90,100,101,13,40,104,9,114,121,11,19,92,113,22,84,62,122,96,21,102,65,55,49,58,6,34,38,76,33,54,70,99,46,120,72,105,30,108,42,68,73,78,8,59,81,5,66,41,23,48,95,69,80,37,56,28,31,86,118,63,109,67,24,50,83,57,25,91,39,103,4,61,32,97,87,94,112,77,85,26,119,64,47,2,110,82,43,36,111,74,123,27",5000,100
9,1,64693.75807210773,13.195569281713587,"57,25,24,50,83,4,61,39,91,103,97,87,32,94,112,77,85,62,49,122,55,65,102,21,5,81,59,66,41,23,48,69,26,110,37,80,64,47,2,56,28,31,86,118,63,109,27,123,111,74,100,101,36,9,40,104,13,114,121,58,11,19,92,113,22,84,105,72,99,54,70,34,38,6,33,76,68,73,30,42,108,8,78,119,96,95,46,120,52,116,89,90,106,60,10,20,71,7,35,3,125,51,79,29,117,18,16,67,124,98,75,14,15,45,53,93,43,82,17,44,107,115,88,12",5000,100
9,2,61918.20317551965,14.495621706863876,"112,94,97,87,32,61,39,103,4,91,53,45,124,98,75,14,15,50,83,57,25,24,67,117,18,16,51,79,29,125,3,35,7,71,60,10,20,12,115,88,93,82,43,17,44,107,77,85,96,95,69,26,110,37,80,64,47,2,56,28,31,86,118,63,109,27,123,111,74,113,22,84,62,49,122,55,65,102,21,5,81,59,66,41,23,48,119,72,105,120,46,99,54,70,34,38,6,33,76,121,58,11,19,92,101,36,40,104,13,114,9,78,8,108,42,30,68,73,100,89,90,106,52,116",5000,100
9,3,63228.58787358567,13.23913002504388,"32,61,39,103,4,91,53,45,124,98,75,14,15,50,83,57,25,24,67,117,18,16,51,125,3,35,7,71,60,10,20,12,115,88,93,82,43,17,44,107,77,112,94,97,87,27,19,92,113,22,84,62,49,122,55,65,102,21,5,81,59,66,41,23,48,95,69,26,110,37,80,64,47,2,56,28,31,86,118,63,109,85,96,8,78,108,42,68,73,30,105,72,99,54,70,34,38,6,33,76,121,58,11,9,40,104,13,114,36,101,100,111,74,123,106,52,116,89,90,79,29,119,120,46",5000,100
9,4,62623.1927669352,14.049760707614578,"95,69,26,110,37,80,64,47,2,56,28,31,86,118,63,109,85,96,8,78,108,42,68,73,30,120,46,99,54,70,34,38,6,33,76,121,58,11,19,92,113,22,84,62,49,122,55,65,102,21,5,81,59,48,23,41,66,119,72,105,123,111,74,100,101,36,40,104,13,114,9,27,89,90,106,52,116,79,29,125,3,35,7,71,60,10,20,12,115,88,93,82,43,17,44,107,77,112,94,97,87,32,61,39,103,4,91,53,45,124,98,75,14,15,50,83,57,25,24,67,117,18,16,51",5000,100
9,5,62806.49553857521,13.768717954953129,"87,97,94,112,77,85,96,95,69,26,110,37,80,64,47,2,56,28,31,86,118,63,109,27,101,36,9,40,104,13,114,121,58,11,19,92,113,22,84,62,49,122,55,65,102,21,5,81,59,66,105,72,99,54,70,34,38,6,33,76,123,111,74,100,89,90,106,52,116,79,29,125,3,35,7,71,60,10,20,12,115,88,93,82,43,17,44,107,103,4,91,53,45,124,98,75,14,15,50,83,57,25,24,67,117,18,16,51,119,41,23,48,120,46,8,78,108,42,68,73,30,32,61,39",5000,100
9,6,64979.74549973937,13.120416484232624,"29,125,3,35,7,71,60,10,20,12,115,88,93,82,43,17,44,107,77,112,94,97,87,32,61,39,103,4,91,53,45,124,98,75,14,15,50,83,57,25,24,67,117,18,16,51,79,89,90,106,52,116,54,70,34,38,6,33,76,121,58,11,19,92,113,22,84,62,49,122,55,65,102,21,5,81,59,48,23,41,66,105,72,99,46,120,73,30,42,68,78,8,108,47,2,56,28,31,86,118,63,109,85,96,95,69,26,110,37,80,64,119,27,123,111,74,100,101,36,9,40,104,13,114",5000,100
10,0,69026.050891572,12.951199327237646,"75,45,103,91,82,93,70,46,99,72,30,23,41,119,69,48,95,81,59,78,8,108,42,68,73,55,65,102,21,122,9,114,58,76,33,121,104,34,38,6,54,11,19,92,113,101,100,123,111,74,120,105,64,80,2,47,56,26,110,37,28,86,31,63,118,124,15,4,61,57,83,39,87,97,53,98,14,116,52,89,67,18,16,117,20,10,60,79,125,71,35,7,3,51,29,24,50,43,44,107,62,96,66,5,85,112,77,22,84,49,13,40,36,32,94,25,90,106,115,12,88,17,27,109",5000,100
10,1,68535.18852124711,13.90825101753567,"99,6,33,76,38,34,114,9,104,13,40,36,121,11,58,19,22,84,62,107,43,82,17,4,39,103,91,53,45,124,15,98,75,97,61,87,32,94,27,109,63,118,86,31,47,2,80,64,37,56,28,110,26,69,48,23,41,119,95,21,102,108,5,42,68,73,30,120,46,105,72,123,111,74,92,113,101,49,55,65,8,78,66,81,59,79,29,51,117,18,16,93,88,115,12,10,20,60,71,7,35,3,125,25,50,24,57,83,89,116,52,96,122,85,112,77,44,54,70,14,90,106,67,100",5000,100
10,2,66467.20710758396,14.091028827789883,"75,98,15,124,45,53,91,103,4,32,94,61,39,87,97,114,36,121,34,38,6,33,76,11,58,99,72,105,120,46,30,42,108,8,78,73,68,31,118,86,63,109,111,74,123,101,100,81,59,48,23,41,122,95,66,21,102,65,55,5,54,70,22,9,40,19,92,113,84,62,96,69,119,26,110,37,80,64,47,2,28,56,90,89,116,7,35,3,125,51,117,67,18,16,79,29,93,17,82,43,88,115,12,44,107,10,20,60,71,52,106,24,50,14,83,57,25,27,77,112,85,49,13,104",5000,100
10,3,68805.69096795804,13.737302114598597,"23,41,48,95,69,66,81,5,59,21,102,65,55,122,49,11,111,123,84,22,19,92,113,101,58,121,114,36,40,104,9,38,6,33,76,99,70,46,120,13,54,105,72,108,42,68,73,30,8,78,31,63,118,86,35,7,71,60,10,20,125,3,29,79,51,117,18,16,93,43,82,17,44,107,77,112,87,97,94,27,109,96,80,64,47,2,119,26,110,37,56,28,85,62,74,100,15,124,45,53,91,103,4,39,61,32,83,57,50,24,14,98,75,25,67,116,89,90,106,52,12,88,115,34",5000,100
10,4,64899.04040090613,14.240519216069778,"11,19,92,113,123,111,74,100,101,36,114,9,40,104,13,54,70,34,38,6,33,76,121,58,22,84,62,107,77,112,85,96,95,69,119,26,110,37,80,64,47,2,28,56,118,86,31,63,109,27,83,57,25,24,50,14,15,124,98,75,45,53,91,103,4,61,32,97,87,94,39,125,3,35,7,71,60,10,20,12,88,115,116,89,90,106,52,67,117,18,16,79,29,51,93,43,82,17,44,5,81,59,21,102,65,55,122,49,8,78,108,42,30,105,72,99,46,120,73,68,48,23,41,66",5000,100
10,5,62758.85998883638,16.988463648998742,"57,25,24,67,117,18,16,79,29,51,125,3,35,7,71,60,10,20,12,88,115,116,89,90,106,52,32,61,39,103,4,45,124,98,75,14,15,50,83,91,53,43,82,17,44,107,77,85,96,95,48,23,41,66,81,59,21,102,65,55,122,49,22,84,62,123,111,74,100,101,58,11,19,92,113,73,68,8,78,108,42,30,105,120,46,99,54,9,40,104,13,38,34,6,33,76,121,36,114,119,26,110,37,80,64,47,2,28,56,69,72,70,5,118,86,31,63,109,27,94,97,87,112,93",5000,100
10,6,62876.08100435614,15.536916551916937,"17,44,107,43,82,93,16,79,29,51,125,3,35,7,71,60,10,20,12,88,115,116,89,90,106,52,67,117,18,57,25,24,91,53,45,124,98,75,14,15,50,83,32,61,39,103,4,27,94,97,87,77,112,85,96,95,69,119,26,110,37,80,64,47,2,28,56,118,86,31,63,109,73,68,8,78,108,42,30,105,72,99,46,120,70,54,38,34,6,33,76,121,36,114,9,40,104,13,58,11,19,92,113,123,111,74,100,101,49,55,122,22,84,62,41,23,48,81,59,5,21,102,65,66",5000,100
10,7,64208.32488477309,14.296175112153959,"51,125,3,35,7,71,60,10,20,12,88,115,116,89,90,106,52,43,82,17,44,107,77,112,85,96,95,69,119,26,110,37,80,64,47,2,28,56,118,86,31,63,109,27,94,97,87,32,61,39,103,4,45,124,98,75,14,15,50,24,67,117,18,16,79,29,93,91,53,49,55,122,21,102,65,5,81,59,48,23,41,66,42,30,105,72,99,46,120,70,54,38,34,6,33,76,11,19,92,113,123,111,74,100,101,58,121,36,114,9,40,104,13,84,22,62,73,68,8,78,108,25,83,57",5000,100
10,8,63308.076095823824,15.336366983387395,"113,123,111,74,100,101,58,11,19,92,36,114,9,40,104,13,38,34,6,33,76,121,99,46,120,30,105,72,108,42,68,73,8,78,55,122,49,22,84,62,107,77,112,85,96,95,69,119,26,110,37,80,64,47,2,28,56,118,86,31,63,109,27,94,97,87,32,61,39,103,4,45,124,98,75,14,15,50,83,57,25,24,67,117,18,16,79,29,51,125,3,35,7,71,60,10,20,12,88,115,116,89,90,106,52,43,82,17,44,91,53,93,48,23,41,66,81,59,5,21,102,65,54,70",5000,100
11,0,62626.312914916896,16.89366082118469,"125,3,35,7,71,60,10,20,12,88,115,29,79,51,117,67,24,50,83,57,25,82,43,93,18,16,73,68,42,108,8,78,102,65,55,122,49,21,5,59,81,66,105,72,99,46,120,30,109,63,86,118,31,56,28,80,64,47,2,119,26,110,37,69,95,48,23,41,96,85,62,84,22,113,92,19,11,58,121,114,9,40,104,13,38,6,33,76,70,34,54,36,101,123,111,74,100,91,103,39,61,32,97,87,77,44,107,17,94,27,116,89,90,106,52,14,98,75,15,124,45,53,4,112",5000,100
11,1,63417.954748458775,12.473074766193324,"35,7,71,60,10,20,12,115,88,17,82,43,93,18,16,117,67,51,79,29,3,125,89,90,106,52,116,91,103,4,61,39,97,87,32,94,27,109,112,77,44,107,62,49,21,102,65,55,122,96,48,95,69,26,110,37,80,64,2,47,56,28,31,86,118,63,108,8,78,68,73,42,30,120,46,99,54,70,34,38,6,33,76,121,58,11,19,92,113,22,84,123,111,74,100,101,36,40,104,13,9,114,72,105,81,5,59,41,119,66,23,85,25,57,83,50,24,14,15,124,45,53,98,75",5000,100
11,2,63015.533428322226,13.481817841258161,"27,83,57,25,50,24,14,15,124,45,53,91,103,4,61,39,97,87,32,94,77,44,107,62,84,123,111,74,100,101,36,40,104,13,9,114,121,58,11,19,92,113,22,49,122,55,65,102,21,5,59,81,66,23,48,95,69,26,110,37,80,64,2,47,56,28,31,86,118,63,109,85,96,119,41,68,73,42,108,8,78,38,6,33,76,34,54,99,46,120,105,30,72,70,12,115,88,17,82,43,93,18,16,117,67,51,125,3,35,7,71,60,10,20,116,89,90,106,52,79,29,98,75,112",5000,100
11,3,62816.41696069963,14.14648538218957,"32,61,39,103,4,124,45,53,91,44,107,77,112,94,97,87,83,57,25,50,24,14,15,98,75,43,93,82,17,88,115,12,20,10,60,125,3,35,7,71,116,89,90,106,52,79,29,51,117,67,18,16,96,122,55,65,102,21,59,81,5,108,8,78,68,73,42,30,120,46,99,54,70,34,38,6,33,76,121,114,9,40,104,13,36,58,11,19,92,113,22,84,123,111,74,100,101,72,105,48,95,69,26,110,37,80,64,47,2,56,28,31,86,118,63,109,85,62,49,27,119,41,23,66",5000,100
12,0,62569.969103173346,15.815278962715238,"103,4,61,39,91,53,45,124,14,15,98,75,117,67,18,16,79,29,51,52,106,90,89,116,60,10,20,12,115,88,17,82,43,93,35,7,71,125,3,70,46,120,30,105,72,99,54,34,38,6,33,76,121,114,36,9,40,104,13,101,111,123,74,100,84,22,49,122,95,81,59,5,102,65,55,73,68,108,8,78,42,69,26,110,37,80,64,2,47,56,28,31,118,86,63,109,96,119,48,23,41,66,21,19,92,113,11,58,85,62,107,44,77,112,87,97,32,50,83,57,25,24,27,94",5000,100
12,1,63374.07669732115,15.740375227575322,"99,54,34,38,6,33,76,114,9,40,104,13,70,46,120,30,68,73,108,42,5,81,59,66,23,41,48,95,69,26,110,37,80,64,47,2,56,28,31,86,118,63,109,97,87,32,61,39,91,53,45,124,98,75,14,15,50,83,57,25,24,117,67,16,18,29,79,51,125,3,35,7,71,60,10,20,116,89,90,52,106,82,43,93,17,44,107,62,84,22,113,92,19,11,58,121,36,101,100,111,74,123,49,8,78,65,55,122,102,21,96,85,112,77,27,94,88,12,115,4,103,119,105,72",5000,100
12,2,63897.42743776608,13.427764774910283,"57,25,24,50,83,97,87,32,61,39,103,4,124,45,53,91,44,17,82,43,93,18,16,79,29,51,125,3,35,7,71,60,10,20,12,115,88,123,111,74,38,6,33,76,34,54,70,72,105,30,68,73,108,42,5,81,59,66,23,48,95,69,26,110,37,80,64,47,2,119,41,96,122,55,65,102,21,49,84,22,113,92,19,11,58,121,36,9,40,104,13,101,100,99,46,120,8,78,15,98,75,14,67,117,116,89,90,106,52,94,112,77,107,62,85,63,86,118,31,28,56,109,27,114",5000,100
12,3,63514.797401090196,15.610084576466237,"109,27,94,97,87,32,61,39,103,4,53,45,98,75,14,15,124,91,44,17,82,43,93,18,16,79,29,10,20,12,115,88,107,62,84,22,113,92,19,11,58,121,114,9,40,104,13,54,70,46,120,30,105,72,99,78,8,108,42,68,73,55,65,102,21,5,81,59,66,41,23,48,95,69,26,110,37,80,64,47,2,56,28,31,86,118,63,85,96,122,49,123,111,74,100,101,36,6,33,76,34,38,119,116,89,90,106,52,60,125,3,35,7,71,51,117,67,24,50,83,57,25,77,112",5000,100
12,4,64238.27501924717,13.364726594847248,"99,46,120,30,105,72,73,68,8,78,65,102,21,5,81,59,66,23,41,48,95,69,26,110,37,80,64,47,2,56,28,31,86,118,63,109,27,94,97,87,32,61,39,103,4,53,91,124,45,98,75,14,15,50,83,57,25,24,67,117,18,16,79,29,51,125,3,35,7,71,60,10,20,12,115,88,82,43,93,17,44,107,62,84,22,113,92,19,11,58,121,114,9,40,104,13,101,36,6,33,76,34,38,54,70,49,122,55,108,42,96,119,85,112,77,52,106,90,89,116,111,74,123,100",5000,100
12,5,63878.60293260767,14.431319266738807,"8,78,65,102,21,5,81,59,66,23,41,48,95,69,26,110,37,80,64,47,2,56,28,31,86,118,63,109,27,94,97,87,32,61,39,103,4,53,91,75,14,15,124,45,98,43,93,82,17,44,107,62,84,22,113,92,19,11,58,121,114,9,40,104,13,101,36,6,33,76,34,38,54,70,99,46,120,30,105,72,73,68,108,42,96,122,55,111,123,74,100,116,89,90,106,52,117,67,18,16,79,29,51,125,3,35,7,71,60,10,20,12,115,88,57,25,24,50,83,77,112,85,49,119",5000,100
12,6,63638.45408981117,15.141432421622028,"82,43,93,18,16,79,29,51,125,3,35,7,71,60,10,20,12,115,88,107,62,84,22,113,92,19,11,58,121,114,9,40,104,13,101,36,6,33,76,34,38,54,70,99,46,120,30,105,72,73,68,8,78,65,102,21,5,81,59,66,23,41,48,95,69,26,110,37,80,64,47,2,56,28,31,86,118,63,109,27,94,97,87,32,61,39,103,4,53,91,124,45,98,75,14,15,50,83,57,25,24,67,117,116,89,90,106,52,100,111,123,74,42,119,85,96,122,55,108,49,112,77,44,17",5000,100
12,7,63726.565381173365,14.765760449800736,"18,16,79,29,51,125,3,35,7,71,60,10,20,12,115,88,82,43,93,17,44,107,62,84,22,113,92,19,11,58,121,114,9,40,104,13,101,36,6,33,76,34,38,54,70,99,46,120,30,105,72,73,68,8,78,65,102,21,5,81,59,66,23,41,48,95,69,26,110,37,80,64,47,2,56,28,31,86,118,63,109,27,94,97,87,32,61,39,103,4,53,91,75,14,15,50,83,57,25,24,67,117,116,89,90,106,52,100,111,123,74,49,122,55,108,42,119,85,96,112,77,45,98,124",5000,100
12,8,63620.96886577945,15.189916524255189,"16,79,29,51,125,3,35,7,71,60,10,20,12,115,88,82,43,93,17,44,107,62,84,22,113,92,19,11,58,121,114,9,40,104,13,101,36,6,33,76,34,38,54,70,99,46,120,30,105,72,73,68,8,78,65,102,21,5,81,59,66,23,41,48,95,69,26,110,37,80,64,47,2,56,28,31,86,118,63,109,27,94,97,87,32,61,39,103,4,53,91,124,45,98,75,14,15,50,83,57,25,24,67,18,117,116,89,90,106,52,100,111,123,74,49,122,55,108,42,119,85,96,112,77",5000,100
13,0,64706.18354062922,12.860039768109983,"39,61,32,4,103,91,53,45,124,15,14,98,75,93,82,43,17,44,107,77,112,87,97,94,27,109,63,31,86,118,85,96,21,55,122,49,84,22,92,113,19,11,58,121,114,9,40,104,13,54,70,46,120,105,72,99,6,33,76,34,38,36,101,62,123,111,74,100,115,88,12,7,35,3,125,60,10,20,71,116,89,90,106,52,18,117,67,51,79,29,16,50,83,57,25,24,69,26,110,37,56,28,47,2,80,64,119,23,41,48,95,78,8,108,42,30,73,68,5,81,59,66,102,65",5000,100
13,1,63433.67412889289,13.353084544415998,"27,109,63,118,31,86,76,34,38,6,33,121,9,40,104,13,58,11,19,92,113,22,84,62,85,77,112,87,97,94,32,61,39,103,4,124,45,53,91,107,44,17,82,43,93,16,18,117,67,79,29,125,51,3,35,7,71,116,89,90,106,52,60,10,20,12,115,88,21,102,65,55,122,49,73,68,108,8,78,5,81,23,41,66,120,105,72,99,46,70,54,42,30,59,96,95,69,26,110,37,80,64,47,2,28,56,119,48,114,36,101,100,111,123,74,98,75,57,25,24,14,15,50,83",5000,100
13,2,62539.82906283585,14.899726056115632,"91,53,45,124,98,75,14,15,50,83,57,25,24,67,117,18,16,79,29,10,20,60,71,7,35,3,125,51,116,89,90,106,52,43,93,82,17,44,107,77,112,87,97,94,32,61,39,103,4,27,109,63,31,86,118,85,96,108,8,78,5,81,59,48,95,69,26,110,37,80,64,47,2,28,56,119,23,41,66,120,105,72,99,46,70,54,34,38,6,33,76,121,114,9,40,104,13,36,101,58,11,19,92,113,22,84,62,123,111,74,100,115,88,12,68,73,30,42,65,55,122,49,21,102",5000,100
14,0,62286.776308970526,18.137572426236872,"83,57,25,24,67,117,18,16,51,79,29,60,10,20,125,3,35,7,71,12,115,88,93,43,82,17,44,107,77,112,94,97,87,61,39,91,103,4,53,45,124,98,75,14,15,50,95,69,119,26,110,37,56,28,31,86,118,63,109,102,65,55,122,49,5,81,59,21,78,8,108,42,68,73,30,105,120,46,99,54,34,38,76,33,6,40,104,9,114,36,58,11,19,92,113,22,84,62,85,96,66,48,23,41,80,64,47,2,70,72,121,101,100,74,123,111,13,89,116,90,106,52,32,27",5000,100
14,1,65501.711709544565,11.710906400433878,"94,97,87,32,61,39,103,4,53,45,124,98,75,14,15,50,83,57,25,24,67,117,18,16,79,51,125,3,35,7,71,60,10,20,29,93,82,43,17,44,107,77,112,91,85,96,69,26,110,37,80,64,47,2,56,28,31,86,118,63,109,27,116,89,90,106,52,12,115,88,123,111,100,101,121,36,58,11,19,92,113,22,84,62,49,95,48,23,41,119,66,81,59,21,102,65,55,122,54,99,46,120,30,42,68,73,8,78,108,5,34,38,9,40,104,13,114,70,76,33,6,74,105,72",5000,100
14,2,63185.17433816204,14.783345057622975,"124,98,75,14,15,50,83,57,25,24,67,117,18,16,79,29,125,3,35,7,71,60,10,20,12,115,88,93,82,43,17,44,107,77,112,87,97,94,32,61,39,103,4,53,45,91,62,84,123,74,111,113,58,11,19,92,22,30,105,72,46,120,9,40,104,13,38,34,6,33,76,70,54,99,81,59,21,102,65,55,122,49,5,108,42,68,78,8,66,23,41,119,69,26,110,37,80,64,47,2,28,31,86,118,63,109,85,96,48,95,101,121,36,114,116,89,90,106,52,51,100,27,56,73",5000,100
14,3,65275.60615445227,14.04293958717814,"61,39,103,4,53,45,124,98,75,14,15,50,83,57,25,24,67,117,18,16,79,29,93,82,43,17,44,107,62,84,22,19,11,58,121,36,40,104,13,114,9,34,38,54,99,46,120,30,105,72,66,23,41,119,69,26,110,37,80,64,2,47,56,28,31,86,118,63,109,85,96,48,95,78,8,108,42,68,73,81,59,21,102,65,55,122,49,5,77,112,87,97,94,32,91,52,116,89,90,106,74,123,111,100,101,113,92,76,33,6,70,88,12,115,51,125,3,35,7,71,60,10,20,27",5000,100
14,4,64877.95941514382,14.147272836830538,"53,45,124,98,75,14,15,50,83,57,25,24,67,117,18,16,79,29,51,125,3,35,7,71,60,10,20,12,115,88,93,82,43,17,44,107,62,85,96,48,23,41,119,69,26,110,37,80,64,2,47,56,28,31,86,118,63,109,27,94,97,87,32,61,39,103,4,91,52,116,89,90,106,112,77,120,30,105,72,46,99,81,59,21,102,65,55,122,49,5,108,42,68,73,8,78,66,95,22,84,123,111,74,100,101,121,36,114,9,40,104,13,38,34,6,33,76,70,54,11,58,19,92,113",5000,100
15,0,62616.873392641835,13.724630155706471,"27,94,97,87,32,61,39,103,4,53,45,124,98,75,14,15,50,83,57,25,24,67,117,18,16,93,43,82,90,106,52,116,89,115,88,12,20,71,60,10,35,7,3,125,51,79,29,100,101,36,9,40,104,13,6,33,76,34,38,114,121,58,11,19,92,113,22,84,62,123,111,74,69,119,26,110,37,80,64,2,47,56,28,31,86,118,63,109,85,96,21,102,65,55,122,49,73,68,42,108,8,78,5,81,59,48,23,41,66,105,72,120,30,54,70,99,46,95,107,44,17,91,112,77",5000,100
15,1,62484.81480976748,14.135770879774224,"15,124,98,75,14,50,83,57,25,24,67,117,18,16,79,29,51,125,3,35,7,71,60,10,20,12,88,115,17,82,43,93,62,123,111,74,113,92,19,11,58,121,36,9,40,104,13,6,33,76,34,38,114,70,99,46,120,30,42,108,8,78,65,55,122,49,22,84,102,21,5,81,59,48,23,41,66,105,72,54,68,73,69,119,26,110,37,80,64,2,47,56,28,31,86,118,63,109,27,94,97,87,32,61,39,103,4,53,45,91,44,107,112,77,85,96,95,116,89,90,106,52,100,101",5000,100
15,2,64591.12175628244,12.67111255674124,"27,94,97,87,32,77,112,61,39,103,4,53,45,124,98,75,14,15,50,83,57,25,24,67,117,18,16,79,29,51,125,3,35,7,71,60,10,20,12,88,115,17,82,43,93,89,90,106,52,116,91,44,107,62,123,111,74,100,101,36,9,40,104,13,6,33,76,34,38,114,121,58,11,19,92,113,22,84,102,65,55,122,49,73,68,42,108,8,78,5,81,59,95,69,119,26,110,37,80,64,2,47,56,28,31,86,118,63,109,85,96,48,23,41,66,105,72,120,30,70,99,46,21,54",5000,100
15,3,63806.29901685435,13.51789791401906,"8,78,65,55,122,49,22,84,102,21,5,81,59,95,69,119,26,110,37,80,64,2,47,56,28,31,86,118,63,109,27,94,97,87,32,61,39,103,4,53,45,124,98,75,14,15,50,83,57,25,24,67,117,18,16,79,29,51,125,3,35,7,71,60,10,20,12,88,115,17,82,43,93,89,90,106,52,116,91,44,107,62,123,111,74,113,92,19,11,58,121,36,9,40,104,13,6,33,76,34,38,114,70,99,46,120,30,105,72,66,41,23,48,101,100,54,68,73,42,108,96,85,77,112",5000,100
16,0,65781.19063998395,12.108505975347136,"51,125,3,7,35,71,60,10,20,29,79,18,16,117,67,24,50,83,57,25,43,82,17,44,107,77,112,87,97,94,32,61,4,103,39,91,53,45,124,98,75,14,15,89,90,116,52,106,59,102,65,55,122,21,5,81,23,41,48,95,26,110,37,80,64,47,2,28,56,119,69,31,86,118,63,109,9,40,104,13,6,33,76,38,34,114,121,36,58,11,19,92,113,22,84,111,74,123,100,101,108,8,78,68,73,30,42,72,105,54,99,46,120,66,70,49,96,85,62,12,115,88,93,27",5000,100
16,1,62543.02043686304,17.456491894838546,"118,31,86,109,63,92,113,22,84,33,76,38,34,6,114,9,40,104,13,54,99,46,120,105,30,42,108,8,78,68,73,55,65,102,21,5,81,59,23,41,119,26,110,37,56,28,2,47,80,64,66,48,95,69,72,70,49,122,96,85,77,112,87,97,32,61,4,103,39,50,83,57,25,24,67,117,18,16,79,51,125,3,35,7,71,60,10,20,29,12,115,88,17,82,43,93,116,89,90,106,52,14,15,124,98,75,45,53,91,44,107,62,111,123,74,100,101,36,121,58,11,19,94,27",5000,100
16,2,65672.79845088956,13.546153324696785,"100,101,36,40,9,114,34,38,33,76,6,13,104,54,70,99,46,120,105,72,73,68,108,8,78,42,30,65,102,21,5,81,59,66,41,23,48,95,69,26,110,37,56,28,2,47,80,64,119,121,58,11,19,92,113,22,84,62,49,123,111,74,122,55,96,85,77,112,94,97,87,39,103,4,61,32,75,14,15,124,98,91,53,45,16,18,117,67,3,35,7,71,60,10,20,29,79,51,125,93,82,43,17,44,107,88,115,12,27,109,63,118,86,31,24,50,83,57,25,116,89,90,106,52",5000,100
16,3,62251.87775653439,19.679292767272365,"104,13,6,33,76,70,99,46,120,105,30,42,108,8,78,65,102,21,5,81,59,66,48,95,69,26,110,37,56,28,2,47,80,64,119,23,41,34,38,54,40,9,114,36,121,58,11,19,92,113,22,84,62,107,44,17,82,43,93,29,79,51,125,3,35,7,71,60,10,20,116,89,90,106,52,50,83,57,25,24,67,117,18,16,98,75,14,15,124,45,53,91,103,4,32,61,39,97,87,94,112,77,85,96,122,55,68,73,49,123,111,74,100,101,118,86,31,63,109,27,72,88,115,12",5000,100
16,4,62873.18352523538,13.85428563610138,"71,60,10,20,29,79,51,125,3,35,7,117,18,16,67,24,50,83,57,25,75,14,15,124,98,91,103,4,45,53,43,93,82,17,44,107,77,112,85,96,122,55,65,102,21,5,81,59,66,41,23,48,95,69,119,26,110,37,80,64,2,47,28,56,31,86,118,63,109,27,94,32,61,39,97,87,19,92,113,22,84,62,49,73,68,42,108,8,78,30,105,72,99,46,120,54,70,76,34,38,9,114,36,40,104,13,6,33,121,58,11,100,101,111,123,74,115,88,12,89,90,106,52,116",5000,100
16,5,64031.81877645418,13.62625188687003,"19,92,113,123,111,74,100,101,36,40,104,13,6,33,76,34,38,9,114,121,58,11,72,99,46,120,105,30,73,68,42,108,8,78,65,102,21,5,81,59,66,41,23,48,95,69,26,110,37,56,31,86,118,63,109,27,94,32,61,39,103,4,45,53,91,44,17,82,43,93,29,79,51,125,3,35,7,71,60,10,20,116,89,90,106,52,12,115,88,117,18,16,67,24,50,83,57,25,124,98,75,14,15,97,87,77,107,62,49,122,55,119,64,2,47,80,28,54,70,96,85,112,84,22",5000,100
17,0,62996.09760970036,11.918995033470614,"103,4,91,53,45,124,98,75,15,50,24,25,57,83,27,28,31,86,118,63,109,96,95,69,119,26,110,37,56,2,47,64,80,81,59,21,102,65,55,122,49,73,68,30,105,72,120,46,99,70,54,34,38,6,33,76,36,9,114,121,58,11,19,92,113,22,84,62,123,111,74,100,101,104,13,40,78,8,108,42,5,41,23,48,66,85,112,77,107,44,17,82,43,93,18,16,51,79,29,10,20,60,71,7,35,3,125,115,12,88,87,94,97,32,61,39,116,89,90,106,52,67,117,14",5000,100
17,1,62107.03539730436,17.829207061057957,"53,45,124,98,75,14,15,50,24,25,57,83,39,103,4,91,44,107,62,85,96,122,55,65,102,21,59,95,69,119,26,110,37,56,28,2,47,80,64,118,86,31,109,63,73,68,30,105,72,99,70,54,34,38,6,33,76,121,114,9,40,104,13,58,11,19,92,113,22,84,49,78,8,108,42,5,81,66,41,23,48,46,120,123,74,100,101,36,111,51,79,29,10,20,60,71,7,35,3,125,12,88,115,77,112,27,94,97,87,32,61,43,93,82,17,18,16,117,67,116,89,90,106,52",5000,100
17,2,62447.1638195037,12.668333948556123,"27,94,97,87,32,61,39,103,4,45,124,98,75,14,15,50,24,25,57,83,88,115,12,20,10,60,125,3,35,7,71,116,89,90,106,52,93,43,82,17,44,107,62,85,96,66,41,23,48,119,26,110,37,56,28,31,86,118,63,109,112,77,117,18,16,79,29,51,67,46,120,30,105,72,99,70,54,34,38,6,33,76,36,40,104,13,58,11,19,92,113,22,84,49,73,68,42,108,8,78,65,102,21,5,81,59,95,69,64,80,2,47,53,91,111,123,74,100,101,121,114,9,122,55",5000,100
17,3,62372.59172004615,12.888873056574932,"2,47,64,80,37,56,28,31,86,118,63,109,96,95,69,119,26,110,48,23,41,66,81,5,108,8,78,65,55,122,49,73,68,42,30,105,72,120,46,99,70,54,34,38,6,33,76,36,9,40,104,13,58,11,19,92,113,22,84,62,85,112,77,107,44,17,82,43,93,18,16,79,29,51,125,3,35,7,71,116,89,90,106,52,67,117,60,10,20,12,115,88,123,111,74,100,101,121,114,102,21,59,45,124,98,75,14,15,50,24,25,57,83,39,103,4,53,91,32,61,97,87,94,27",5000,100
17,4,62331.67623132399,17.570688924301283,"109,63,86,118,31,28,2,47,80,64,119,26,110,37,56,77,112,85,96,95,69,48,23,41,66,81,59,21,102,65,55,122,49,73,68,8,78,108,42,30,105,72,120,46,99,70,54,34,38,6,33,76,36,9,40,104,13,58,11,19,92,113,22,84,62,123,74,100,101,121,114,5,107,44,17,82,43,93,12,20,10,60,125,3,35,71,7,117,18,16,79,29,51,67,24,25,57,83,50,14,15,124,98,75,45,53,91,103,4,61,39,32,97,87,94,27,106,52,116,89,90,88,115,111",5000,100
18,0,62700.11784916971,12.36571580849172,"13,6,33,76,70,46,120,30,105,72,99,54,34,38,114,9,40,104,11,19,92,113,22,84,49,122,96,95,69,26,110,37,80,64,2,47,56,28,31,86,118,63,109,85,77,112,94,97,87,32,61,39,103,4,53,91,44,107,62,123,111,74,100,101,36,121,58,73,68,8,78,108,42,66,119,48,23,41,5,81,59,21,102,65,55,43,82,17,98,75,14,15,45,124,52,116,89,90,106,79,29,51,125,3,35,7,71,60,10,20,12,115,88,93,16,18,117,67,24,50,83,57,25,27",5000,100
18,1,62633.518363513285,13.190975572234644,"94,97,87,32,61,39,103,4,53,91,45,124,98,75,14,15,50,83,57,25,24,67,117,18,16,79,29,51,125,3,35,7,71,60,10,20,12,115,88,93,43,82,17,44,107,62,123,111,74,100,101,36,9,40,104,13,6,33,76,70,54,34,38,114,121,58,11,19,92,113,22,84,49,122,55,65,102,21,59,81,5,8,78,108,42,30,105,72,73,68,66,41,23,48,95,69,26,110,37,80,64,2,47,56,28,31,86,118,63,109,77,112,85,96,119,99,46,120,27,106,52,116,89,90",5000,100
18,2,61804.28429285667,14.352764073421227,"16,79,29,51,125,3,35,7,71,60,10,20,12,115,88,93,43,82,17,44,107,62,123,111,74,100,101,36,9,40,104,13,6,33,76,70,54,34,38,114,121,58,11,19,92,113,22,84,49,122,55,65,102,21,59,81,5,8,78,108,42,30,105,72,73,68,66,41,23,48,95,69,26,110,37,80,64,2,47,56,28,31,86,118,63,109,77,112,94,97,87,32,61,39,103,4,53,91,45,124,98,75,14,15,50,83,57,25,24,67,117,18,89,90,106,52,116,27,85,96,119,99,46,120",5000,100
18,3,61937.55966284968,13.289390398109001,"83,57,25,24,67,117,18,16,79,29,51,125,3,35,7,71,60,10,20,12,115,88,93,43,82,17,44,107,62,123,111,74,100,101,36,9,40,104,13,6,33,76,121,58,11,19,92,113,22,84,49,122,55,65,102,21,59,81,5,8,78,108,42,30,105,72,120,46,99,54,70,73,68,66,41,23,48,95,69,26,110,37,80,64,2,47,56,28,31,86,118,63,109,77,112,94,97,87,32,61,39,103,4,53,91,45,124,98,75,14,15,50,106,52,116,89,90,27,85,96,119,34,38,114",5000,100
18,4,61603.90404977688,16.773048914273886,"53,91,45,124,98,75,14,15,50,83,57,25,24,67,117,18,16,79,29,51,125,3,35,7,71,60,10,20,12,115,88,93,43,82,17,44,107,62,123,111,74,100,101,36,9,40,104,13,6,33,76,70,54,34,38,114,121,58,11,19,92,113,22,84,49,122,55,65,102,21,59,81,5,8,78,108,42,30,105,72,120,46,99,95,48,23,41,66,119,69,26,110,37,80,64,2,47,56,28,31,86,118,63,109,77,87,32,61,39,103,4,97,94,27,106,52,116,89,90,112,85,96,68,73",5000,100
18,5,61782.25928712867,15.45870413446703,"10,20,12,115,88,93,43,82,17,44,107,62,74,100,101,36,9,40,104,13,6,33,76,70,54,34,38,114,121,58,11,19,92,113,22,84,49,122,55,65,102,21,59,81,5,8,78,108,42,30,105,72,73,68,66,41,23,48,95,69,26,110,37,80,64,2,47,56,28,31,86,118,63,109,77,112,94,97,87,32,61,39,103,4,124,45,53,91,15,98,75,14,50,83,57,25,24,67,117,18,16,79,29,51,125,3,35,7,71,60,116,89,90,106,52,27,85,96,119,99,46,120,111,123",5000,100
19,0,63728.79336020495,14.289284612222868,"103,4,61,39,91,53,45,124,98,75,14,15,50,83,57,25,24,67,79,29,125,3,7,35,60,10,20,71,116,52,106,90,89,18,117,51,16,93,82,43,17,44,107,88,115,12,84,49,122,102,21,59,81,5,108,8,78,68,73,30,42,120,46,99,70,54,34,38,40,104,13,36,9,114,121,33,6,76,11,58,101,111,123,74,100,105,72,66,41,23,48,95,69,26,110,37,80,64,47,2,56,28,63,109,86,118,31,96,85,112,77,87,97,94,32,27,22,19,92,113,62,55,65,119",5000,100
19,1,62303.133460630925,15.330757958352683,"32,4,103,39,61,87,97,94,112,77,107,44,91,53,45,124,98,75,14,15,50,83,57,25,24,67,117,18,16,79,29,125,3,7,35,60,10,20,71,116,89,90,106,52,51,43,82,17,88,115,12,93,19,11,58,121,114,9,40,104,13,38,6,33,76,34,70,54,99,46,120,30,105,72,119,69,26,110,37,80,64,47,2,56,28,31,86,118,63,109,27,49,95,48,23,41,66,81,59,5,108,8,78,65,55,102,21,122,73,68,42,96,85,62,123,111,74,100,101,36,92,113,22,84",5000,100
19,2,63079.33317016426,14.439068011202785,"46,120,30,105,72,99,70,54,34,38,6,33,76,121,58,11,19,92,113,22,84,49,122,102,65,55,78,8,108,42,68,73,5,81,59,48,95,69,26,110,37,80,64,47,2,56,28,31,86,118,63,109,27,87,103,4,61,39,91,53,45,124,98,75,14,15,50,83,57,25,24,117,18,16,79,29,125,3,7,35,71,60,10,20,51,88,115,12,52,106,90,89,116,67,93,43,82,17,44,107,62,123,111,100,101,36,114,9,40,104,13,74,112,77,97,94,32,23,41,66,96,85,21,119",5000,100
19,3,64796.093656619625,12.69198586472233,"117,18,16,79,29,125,3,7,35,60,10,20,71,12,88,115,93,43,82,17,44,107,62,84,49,122,55,102,21,5,81,59,95,48,23,41,66,42,108,8,78,65,68,73,30,105,72,99,46,120,54,70,33,76,121,114,9,40,104,13,38,34,6,36,58,11,19,92,113,22,111,123,74,100,101,27,87,97,94,32,61,39,103,4,53,45,124,98,75,14,15,50,83,57,25,24,67,51,52,106,90,89,116,91,112,77,85,96,119,69,26,110,37,80,64,47,2,56,28,31,86,118,63,109",5000,100
19,4,64058.26310312313,12.768229386289223,"83,57,25,24,67,117,18,16,79,29,125,3,7,35,60,10,20,71,116,89,90,106,52,51,43,82,17,44,107,62,123,111,74,100,101,36,114,9,40,104,13,54,99,46,120,30,42,108,8,78,65,55,102,21,5,81,59,95,48,23,41,66,119,69,26,110,37,80,64,47,2,56,28,31,86,118,63,109,27,94,32,61,39,103,4,53,45,124,98,75,14,15,50,91,93,12,88,115,49,122,96,85,112,77,87,97,84,22,19,92,113,33,76,34,38,6,70,105,72,121,58,11,68,73",5000,100
20,0,62857.605669540426,13.00123607883474,"67,29,79,51,125,35,7,71,60,10,20,12,115,88,17,82,43,93,16,18,117,3,116,89,90,106,52,24,50,83,57,25,32,61,39,103,4,91,53,45,124,98,75,14,15,112,27,94,97,87,77,107,62,49,122,55,65,102,21,5,81,59,66,119,26,110,37,80,2,47,64,56,28,31,118,86,63,109,96,95,23,41,48,69,68,73,8,78,108,42,30,105,120,46,99,70,76,33,38,34,6,114,9,40,104,13,36,101,121,58,19,92,113,22,84,11,54,72,100,123,111,74,85,44",5000,100
20,1,65297.83383086255,12.992012451627831,"29,79,16,18,117,67,51,125,3,35,7,71,60,10,20,12,115,88,17,82,43,93,11,92,113,123,111,74,100,49,96,122,55,65,102,21,5,59,81,66,41,23,48,95,69,26,110,37,80,64,2,47,56,28,31,86,118,63,109,85,107,77,112,94,97,87,32,61,39,103,4,53,45,124,98,75,14,15,50,24,25,83,57,62,84,22,19,38,6,33,76,121,114,9,40,104,13,36,101,58,34,54,70,46,99,72,105,120,30,68,73,8,78,108,42,119,44,27,91,52,116,89,90,106",5000,100
20,2,62593.87010053942,14.543623622139107,"17,82,43,93,16,18,117,67,51,125,3,35,7,71,60,10,20,29,79,116,89,90,106,52,24,50,83,57,25,32,97,87,39,103,4,91,53,45,124,98,75,14,15,112,77,107,44,27,94,30,105,120,46,99,72,54,70,34,38,6,33,76,121,114,9,40,104,13,58,11,19,92,113,22,84,62,49,122,55,65,102,21,5,81,59,78,8,108,42,68,73,119,26,110,37,80,64,47,2,56,28,31,86,118,63,109,85,96,95,48,23,41,66,69,100,123,111,74,101,36,88,115,12,61",5000,100
20,3,62431.60375241225,17.209987063595058,"32,61,39,103,4,91,53,45,124,98,75,14,15,50,83,57,25,24,29,79,51,125,3,35,7,71,60,10,20,12,115,88,17,82,43,93,16,18,117,67,89,90,106,52,116,8,78,108,42,68,73,30,105,120,46,99,70,54,34,38,6,33,76,121,114,9,40,104,13,36,58,19,92,113,22,84,62,49,122,55,65,102,21,5,81,59,95,69,26,110,37,80,64,47,2,56,28,31,86,118,63,109,85,96,119,66,41,23,48,72,100,101,123,111,74,11,107,44,112,77,27,94,97,87",5000,100
21,0,63667.90236236619,12.775138052057791,"112,77,107,44,17,82,43,93,16,18,117,67,51,79,29,125,3,35,7,71,60,10,20,12,88,115,116,89,90,106,52,98,75,14,15,124,45,53,91,39,61,103,4,32,87,97,94,27,83,57,25,50,24,123,111,74,100,101,121,36,40,104,13,9,114,34,38,6,33,76,58,11,19,92,113,84,22,49,122,55,65,102,21,5,81,59,66,41,23,48,95,69,119,26,110,37,80,64,2,47,28,56,31,86,118,63,109,85,96,68,73,8,78,108,42,30,105,72,99,46,120,70,54,62",5000,100
21,1,63584.56978638405,13.410861682705715,"39,61,103,4,32,87,97,94,112,77,107,44,17,82,43,93,16,18,117,67,51,79,29,125,3,35,7,71,60,10,20,12,88,115,116,89,90,106,52,98,75,14,15,124,45,53,91,27,83,57,25,50,24,123,111,74,100,101,121,36,114,9,40,104,13,38,34,6,33,76,58,11,19,92,113,22,84,62,85,96,122,55,65,102,21,5,81,59,66,41,23,48,95,69,119,26,110,37,56,28,2,47,80,64,118,63,109,31,86,68,73,8,78,108,42,30,105,72,99,46,120,70,54,49",5000,100
21,2,62692.09531318574,13.591508719585322,"29,125,3,35,7,71,60,10,20,12,88,115,116,89,90,106,52,98,75,14,15,124,45,53,91,39,61,103,4,32,87,97,94,112,77,44,17,82,43,93,16,18,117,67,51,79,50,24,25,57,83,27,109,96,122,55,65,102,21,5,81,59,66,41,23,48,95,69,119,26,110,37,80,64,2,47,28,56,31,86,118,63,111,74,123,100,101,121,36,40,104,13,9,114,34,38,6,33,76,58,11,19,92,113,22,84,62,107,85,49,73,68,78,8,108,42,30,105,72,99,46,120,70,54",5000,100
21,3,62115.4600513678,13.726837908693083,"38,6,33,76,58,11,19,92,113,22,84,62,85,96,122,55,65,102,21,5,81,59,66,41,23,48,95,69,119,26,110,37,80,64,2,47,28,56,31,86,118,63,109,112,77,107,44,17,82,43,93,16,18,117,67,51,79,29,125,3,35,7,71,60,10,20,12,88,115,116,89,90,106,52,98,75,14,15,124,45,53,91,39,61,87,97,94,32,103,4,57,25,50,24,123,111,74,100,101,121,36,40,104,13,9,114,34,54,70,99,46,120,30,105,72,49,73,8,78,108,42,68,27,83",5000,100
22,0,67765.16910315565,12.761316980338055,"27,87,117,67,57,25,50,15,14,98,75,45,124,61,97,32,17,82,43,44,52,106,93,125,3,35,7,60,20,10,71,29,79,51,16,18,4,103,39,91,53,24,94,112,62,101,19,11,121,34,38,33,76,6,9,114,36,40,104,13,54,70,46,120,105,30,49,81,59,8,78,102,21,5,48,65,55,122,96,95,119,110,26,37,56,28,80,47,2,64,72,99,42,108,73,68,113,123,111,74,84,22,92,41,23,86,118,31,63,109,85,107,77,100,12,88,115,90,89,116,83,58,66,69",5000,100
22,1,65844.735985767,12.78434379883387,"91,53,45,124,98,75,15,4,103,39,61,97,87,32,94,112,77,8,78,65,102,21,73,68,42,108,5,81,59,48,23,41,119,110,37,80,64,2,47,56,28,31,86,118,63,109,62,84,49,122,55,34,38,6,33,76,58,11,19,92,113,123,111,74,100,12,115,88,17,82,93,16,18,117,67,51,79,29,125,3,35,7,71,60,10,20,89,90,106,52,116,30,105,72,101,36,9,40,104,13,114,121,54,99,46,120,70,95,69,26,66,96,85,107,44,25,50,57,83,24,14,43,27,22",5000,100
22,2,64714.259750221994,14.026174247236515,"103,39,61,32,87,97,94,112,77,44,17,82,43,93,16,18,117,67,51,79,29,125,3,35,7,71,60,10,20,12,115,88,40,104,13,101,36,9,114,121,33,34,38,6,76,70,99,46,120,30,42,68,73,55,102,21,5,81,59,48,23,41,66,108,8,78,65,122,49,96,95,69,26,110,37,80,64,2,47,56,28,31,118,86,63,109,62,84,22,11,19,92,113,123,111,74,100,107,85,54,105,72,119,58,45,124,98,75,14,15,4,53,91,50,24,83,57,25,27,106,52,116,89,90",5000,100
22,3,65163.9928768548,13.600325662699694,"124,98,75,14,15,4,103,39,61,32,87,97,94,112,77,44,17,82,43,93,16,18,117,67,51,79,29,10,20,60,125,3,35,7,71,116,89,90,106,52,115,88,12,91,53,45,50,24,25,57,83,36,9,40,104,13,114,121,33,76,6,34,38,54,70,99,46,120,30,42,108,8,78,73,68,105,72,5,81,59,48,23,41,66,69,95,96,122,55,65,102,21,26,110,37,64,2,47,56,28,31,86,118,63,109,27,85,62,84,22,19,92,113,123,111,74,100,101,58,11,119,49,107,80",5000,100
22,4,62419.13310205837,21.402955524653866,"108,8,78,65,102,21,5,81,59,48,23,41,66,30,105,72,99,46,120,70,54,34,38,6,33,76,121,58,11,19,92,113,123,111,74,84,22,49,122,55,69,26,110,37,80,64,2,47,56,28,31,86,118,63,109,27,112,77,44,17,82,43,93,16,18,117,67,51,79,29,125,3,35,7,71,60,10,20,12,88,115,89,90,106,52,116,24,50,83,57,25,4,103,39,61,32,87,97,94,107,62,85,96,95,119,91,53,45,124,98,75,14,15,13,40,104,36,114,9,42,68,73,101,100",5000,100
22,5,62442.91434154534,18.534211287843963,"60,10,20,12,88,115,89,90,106,52,116,75,14,15,124,98,45,53,91,39,61,32,87,97,94,112,77,44,17,82,43,93,16,18,117,67,51,79,29,125,3,35,7,71,100,101,36,58,11,19,92,113,123,111,74,84,22,49,122,55,65,102,21,5,81,59,48,23,41,66,30,42,108,8,78,73,68,105,72,99,46,120,70,54,34,38,6,33,76,121,114,9,40,104,13,119,26,110,37,80,64,2,47,56,28,31,86,118,63,109,27,4,103,57,25,50,83,24,107,62,85,96,95,69",5000,100
22,6,62027.59549605057,23.53853102060316,"14,15,124,98,75,45,53,91,39,61,32,87,97,94,112,77,44,17,82,43,93,16,18,117,67,51,79,29,125,3,35,7,71,60,10,20,12,115,88,90,106,52,116,89,100,101,36,114,121,58,11,19,92,113,123,111,74,84,22,49,122,55,65,102,21,5,81,59,48,23,41,66,105,72,99,70,54,34,38,6,33,76,46,120,30,42,108,8,78,73,68,95,69,26,110,37,80,64,2,47,56,28,31,86,118,63,109,27,4,103,57,25,24,50,83,104,13,40,9,62,85,96,119,107",5000,100
22,7,62485.01542513957,15.153818006814479,"4,103,39,61,32,87,97,94,112,77,44,17,82,43,93,16,18,117,67,51,79,29,125,3,35,7,71,60,10,20,12,88,115,89,90,106,52,116,75,14,15,124,98,45,53,91,107,62,85,96,95,48,23,41,66,30,78,8,108,42,68,73,55,65,102,21,5,81,59,119,26,110,37,80,64,2,47,56,28,31,86,118,63,109,27,25,50,83,57,24,123,111,74,84,22,19,92,113,101,36,58,11,6,33,76,121,114,9,40,104,13,38,34,54,70,99,46,120,105,72,69,100,122,49",5000,100
22,8,63200.92516029758,14.278677264581582,"84,22,19,92,113,123,111,74,100,101,36,9,40,104,13,114,121,58,11,6,33,76,70,54,34,38,37,80,64,2,47,56,28,31,86,118,63,109,27,4,103,39,61,32,87,97,94,112,77,44,17,82,43,93,16,18,117,67,51,79,29,125,3,35,7,71,60,10,20,12,88,115,89,90,106,52,116,75,14,15,124,98,45,53,91,107,62,85,96,95,69,26,110,119,48,23,41,66,30,42,108,8,78,73,68,105,72,99,46,120,122,55,65,102,21,59,81,5,49,57,25,24,50,83",5000,100
23,0,63597.47074836222,13.97575755756941,"110,37,80,64,47,2,28,56,31,86,118,63,109,27,83,57,25,50,24,15,98,75,124,45,53,91,39,61,32,87,97,94,112,77,107,44,17,82,43,93,16,18,117,67,35,7,71,60,10,20,29,79,51,125,3,12,115,88,89,90,106,52,116,114,9,40,104,13,34,38,6,33,76,54,70,99,46,120,30,42,108,8,78,65,55,122,49,73,68,105,72,121,58,11,19,92,113,22,84,62,85,96,95,69,119,26,48,23,41,66,81,5,59,21,102,36,101,100,74,111,123,14,4,103",5000,100
23,1,61922.81674322141,14.259564154651587,"27,83,57,25,24,15,98,75,14,124,45,53,91,39,61,32,87,97,94,112,77,107,44,17,82,43,93,16,18,117,67,35,7,71,60,10,20,29,79,51,125,3,12,115,88,89,90,106,52,116,50,46,120,30,42,108,8,78,65,55,122,49,102,21,59,81,5,66,41,23,48,95,69,119,26,110,37,80,64,47,2,28,56,31,86,118,63,109,85,96,22,84,62,111,123,74,100,101,36,121,58,11,19,92,113,104,13,34,38,6,33,76,114,9,40,54,70,99,105,72,73,68,103,4",5000,100
23,2,63754.66423778128,13.332644610311446,"124,45,53,91,39,61,32,87,97,94,112,77,107,44,17,82,43,93,16,18,117,67,35,7,71,60,10,20,29,79,51,125,3,12,115,88,89,90,106,52,116,50,83,57,25,24,15,98,75,14,4,103,100,101,36,121,58,11,19,92,113,22,84,62,111,123,74,104,13,34,38,6,33,76,114,9,40,54,70,99,46,120,30,42,108,8,78,65,55,122,49,102,21,59,81,5,66,41,23,48,95,69,119,26,110,37,80,64,47,2,28,56,31,86,118,63,109,85,96,68,73,105,72,27",5000,100
24,0,64690.07489615152,13.54398192433754,"100,72,46,99,54,121,36,34,38,6,33,76,114,9,40,104,13,123,111,74,62,68,73,30,120,105,5,81,59,66,41,23,48,95,69,26,110,37,56,28,47,2,80,64,119,112,77,107,87,97,94,32,4,103,53,45,124,98,75,15,14,50,24,25,57,83,16,18,117,67,51,79,29,10,20,60,125,3,35,7,71,89,90,106,52,116,43,93,82,17,44,91,39,61,108,8,78,21,102,65,55,122,49,22,84,113,92,19,11,58,70,42,96,85,31,86,118,63,109,27,88,115,12,101",5000,100
24,1,65299.714375275784,13.426204816646688,"27,94,97,87,61,32,4,103,39,91,53,45,124,98,75,15,14,50,24,67,117,18,16,79,51,29,125,3,35,7,71,60,10,20,12,115,88,116,89,90,106,52,17,82,43,93,83,57,25,112,77,85,62,84,22,19,11,58,121,33,76,6,34,38,114,9,40,104,13,42,68,73,30,105,72,36,92,113,123,111,74,100,101,49,55,65,102,21,59,81,5,108,78,8,37,56,28,31,86,118,63,109,96,122,80,64,2,47,119,26,110,48,95,69,66,41,23,120,46,99,70,54,107,44",5000,100
24,2,63919.10534683216,13.598195742685204,"24,25,57,83,50,14,15,124,98,75,45,53,91,103,4,39,61,32,97,94,27,74,123,111,78,8,108,42,68,73,30,105,120,46,99,72,66,41,23,48,95,69,119,26,110,37,80,2,47,28,31,86,118,63,109,85,96,122,55,65,102,21,59,81,5,62,49,22,19,11,58,121,36,9,40,104,13,101,113,92,54,70,34,38,6,33,76,114,100,89,90,106,52,116,20,10,60,125,3,35,7,71,29,79,51,18,16,117,67,82,43,93,17,44,107,87,77,112,64,56,88,115,12,84",5000,100
24,3,62602.99169358843,15.277296093917617,"84,22,19,92,113,123,111,74,100,101,58,121,36,9,40,104,13,76,114,34,38,6,33,30,105,120,46,99,54,70,49,65,102,21,59,5,81,66,41,23,48,95,69,119,26,110,37,80,64,47,2,56,28,31,86,118,63,109,27,94,97,87,61,32,4,103,39,91,53,45,124,98,75,15,14,50,83,57,25,24,67,117,93,82,43,17,44,107,62,85,96,122,55,78,8,108,42,68,73,72,11,89,90,106,52,116,79,29,51,125,3,35,7,71,60,10,20,12,115,88,77,112,18,16",5000,100
24,4,62873.24322383429,14.394928195701857,"23,48,95,69,119,26,110,37,80,64,47,2,56,28,31,86,118,63,109,85,96,122,55,65,102,21,59,81,5,108,42,68,73,8,78,66,41,113,92,19,11,58,121,36,9,40,104,13,101,100,111,123,74,62,84,22,49,107,44,91,53,45,124,98,75,15,14,50,83,57,25,24,67,117,18,16,79,29,51,125,3,35,7,71,60,10,20,12,115,88,17,82,43,93,116,89,90,106,52,112,77,27,4,103,39,61,32,97,87,94,99,54,70,34,38,6,33,76,114,72,105,120,46,30",5000,100
25,0,66464.20630382732,12.575584627353242,"68,73,42,108,8,78,95,69,23,41,119,26,110,37,80,64,47,2,56,28,31,86,118,63,66,5,81,59,21,102,65,55,122,49,96,85,123,74,111,113,92,19,11,58,121,114,36,9,40,104,13,54,70,46,120,105,30,48,45,124,98,75,15,14,24,82,43,93,29,79,16,18,117,67,51,60,71,7,35,3,125,44,17,116,89,90,106,52,20,10,84,62,107,39,61,4,103,91,53,32,97,87,94,115,88,12,100,101,22,33,6,38,34,76,72,99,50,83,57,25,27,112,77,109",5000,100
25,1,63460.37233441227,17.673864119397532,"84,22,92,113,9,40,104,13,34,38,6,33,76,70,99,120,105,72,46,73,68,42,108,8,78,65,55,122,102,21,59,81,5,48,23,41,119,26,110,37,80,64,47,2,56,28,31,118,86,63,109,66,95,69,112,77,53,45,124,98,75,14,15,50,83,57,25,24,89,90,106,52,116,71,7,35,3,125,60,10,20,12,93,82,17,44,107,39,61,4,103,91,85,96,49,19,11,58,121,114,36,101,123,111,74,100,43,67,16,18,117,51,79,29,115,88,62,87,97,94,32,27,54,30",5000,100
25,2,63698.62410574106,14.43743212509697,"16,18,117,67,51,79,29,10,20,60,71,7,35,3,125,12,115,88,17,44,107,62,84,22,92,113,19,11,58,121,114,9,40,104,13,54,70,99,46,120,30,42,108,8,78,65,55,122,49,73,68,105,72,34,38,6,33,76,36,101,123,74,111,100,52,116,89,90,106,91,53,45,124,98,75,14,15,50,83,57,25,24,82,43,93,4,103,39,61,32,87,97,94,112,77,27,109,63,86,118,31,28,56,37,80,64,47,2,119,26,110,69,23,41,48,95,59,81,5,66,21,102,96,85",5000,100
25,3,63198.660174255856,21.45099831522354,"16,18,117,67,51,79,29,20,10,60,71,7,35,3,125,12,115,88,17,82,43,93,4,103,91,53,45,124,98,75,14,15,50,83,57,25,24,94,112,77,87,97,32,61,39,27,109,63,86,118,31,28,56,37,80,64,47,2,119,26,110,69,23,48,95,59,81,5,68,73,30,42,108,8,78,65,102,21,122,49,19,92,113,22,84,62,107,44,89,90,106,52,116,99,46,120,72,105,66,41,96,85,9,40,104,13,114,34,6,33,76,121,58,11,111,123,74,100,101,36,70,54,38,55",5000,100
25,4,63610.88929422622,15.534966040536569,"81,5,48,95,69,119,26,110,37,80,64,47,2,56,28,31,86,118,63,109,85,96,122,55,65,102,21,59,78,8,108,42,30,105,72,99,46,120,41,23,73,68,34,38,6,33,76,70,54,9,40,104,13,114,121,58,11,19,92,113,22,84,111,123,74,100,101,36,66,44,107,62,49,88,17,82,43,93,18,117,51,79,29,10,20,60,71,7,35,3,125,12,115,106,52,116,89,90,27,94,97,87,32,61,4,103,39,91,53,45,124,98,75,14,15,50,83,57,25,24,67,16,77,112",5000,100
25,5,64183.44128818242,13.034954338319569,"85,96,122,55,65,102,21,59,81,5,66,41,23,48,95,69,119,26,110,37,80,64,47,2,56,28,31,86,118,63,109,112,77,87,32,61,39,91,53,45,124,98,75,14,15,50,83,57,25,24,67,117,18,16,79,29,10,20,60,71,7,35,3,125,51,12,115,88,17,82,43,93,116,89,90,106,52,100,101,36,9,40,104,13,114,121,6,33,76,70,99,46,120,30,42,108,8,78,68,73,105,72,34,38,54,11,19,92,113,22,84,111,123,74,49,62,107,44,27,94,97,4,103,58",5000,100
25,6,63558.317731911,16.29592260124003,"87,32,61,39,103,4,91,53,45,124,98,75,14,15,50,83,57,25,24,67,117,51,79,29,10,20,60,71,7,35,3,125,12,115,88,17,82,43,93,18,16,116,89,90,106,52,112,77,27,109,63,86,118,31,28,56,37,80,64,47,2,119,26,110,69,95,48,23,41,66,105,72,99,46,120,30,42,108,8,78,65,102,21,59,81,5,68,73,55,122,49,19,92,113,22,84,111,123,74,100,101,36,9,40,104,13,114,121,58,38,6,33,76,70,54,11,34,96,85,62,107,44,94,97",5000,100
25,7,63261.3092640502,18.13263322143953,"121,58,11,19,92,113,22,84,62,107,44,17,82,43,93,18,16,79,29,10,20,60,71,7,35,3,125,51,12,115,88,116,89,90,106,52,112,77,87,32,97,94,27,109,63,86,118,31,28,56,37,80,64,47,2,119,26,110,69,95,48,23,41,66,105,72,99,46,120,30,42,108,8,78,65,102,21,59,81,5,68,73,55,122,49,96,85,9,40,104,13,114,34,38,6,33,76,70,54,36,101,123,74,100,111,103,4,91,53,45,124,98,75,14,15,50,83,57,25,24,67,117,61,39",5000,100
25,8,63662.83236064047,15.519381787708696,"29,10,20,60,71,7,35,3,125,51,79,16,18,117,67,89,90,106,52,116,12,115,88,17,82,43,93,4,103,91,53,45,124,98,75,14,15,50,83,57,25,24,94,97,87,32,61,39,27,109,63,86,118,31,28,56,37,80,64,47,2,119,26,110,69,95,48,23,41,66,105,72,99,46,120,30,42,108,8,78,65,102,21,59,81,5,68,73,55,122,49,19,92,113,22,84,111,123,74,100,101,36,9,40,104,13,114,121,58,11,34,38,6,33,76,70,54,96,85,62,107,44,77,112",5000,100
26,0,65215.91097616906,12.930744458426783,"123,111,74,113,92,19,11,58,36,9,114,121,6,33,76,70,54,38,34,104,40,13,101,17,82,43,93,75,98,15,14,50,24,25,57,83,78,8,108,42,68,73,21,5,102,65,55,122,49,22,84,62,85,63,109,31,86,118,110,26,69,95,48,23,41,119,80,47,2,28,56,37,64,66,30,105,72,99,46,120,81,59,103,91,53,45,124,4,39,61,32,87,97,94,112,77,107,44,27,51,79,29,10,20,60,125,3,35,7,71,116,89,90,52,106,12,115,88,16,18,117,67,100,96",5000,100
26,1,62471.24564618812,16.357799183357418,"112,77,85,96,122,55,65,102,21,5,81,59,95,69,26,110,37,56,28,2,47,64,119,41,23,48,66,105,72,120,46,99,54,34,38,6,33,76,70,30,78,8,108,42,68,73,53,45,124,98,75,15,14,50,83,57,25,24,67,117,18,16,79,29,125,3,35,7,71,60,10,20,12,115,88,89,90,116,106,52,51,58,121,114,9,40,104,13,101,36,11,19,92,113,22,84,62,107,44,17,82,43,93,91,103,4,39,61,32,87,97,94,27,109,63,118,86,31,80,49,111,123,74,100",5000,100
26,2,62345.216263386974,19.609877385969185,"57,25,24,50,83,15,124,98,75,14,91,53,45,4,103,39,61,32,97,94,112,77,44,17,82,43,93,16,18,117,67,51,79,29,125,3,35,7,71,60,10,20,12,115,88,89,90,106,52,116,72,46,120,30,42,108,8,78,68,73,102,21,5,81,59,95,48,23,41,66,105,58,121,114,9,40,104,13,101,36,6,33,76,70,54,99,55,65,122,96,85,63,109,31,86,118,37,56,28,2,47,80,64,119,26,110,123,111,74,100,107,62,49,22,19,92,113,11,84,38,34,69,27,87",5000,100
26,3,63189.919477055846,14.572764765511295,"25,24,50,83,57,16,18,117,67,51,79,29,125,3,35,7,71,60,10,20,12,115,88,89,90,106,52,116,17,82,43,93,14,15,124,45,53,91,39,61,32,4,103,98,75,100,123,111,74,113,92,19,11,58,121,114,9,40,104,13,101,36,6,33,76,70,54,34,38,99,46,120,30,42,108,8,78,68,73,102,21,5,81,59,65,55,122,49,22,84,62,85,63,109,31,86,118,37,56,28,2,47,80,64,119,26,110,41,23,48,95,69,72,66,105,96,107,44,77,112,94,97,87,27",5000,100
27,0,63674.08082564124,11.890995582424143,"57,25,24,50,83,32,97,87,94,112,77,107,44,91,103,4,39,61,96,122,49,21,102,65,55,78,8,108,68,73,30,105,72,120,46,99,70,54,34,38,6,33,76,11,19,92,113,22,84,62,123,111,74,100,101,36,40,104,13,9,114,121,58,85,86,118,63,109,27,7,71,60,10,20,12,115,88,17,82,43,93,29,79,51,125,3,35,89,90,52,106,116,18,16,117,67,14,75,98,124,45,53,15,42,81,5,59,48,23,41,66,64,80,2,47,37,56,28,31,26,110,119,69,95",5000,100
27,1,62481.86110843657,12.834683840070383,"61,32,97,87,103,4,39,91,53,45,124,98,75,14,15,50,83,57,25,24,67,117,18,16,79,51,125,3,35,7,71,60,10,20,12,115,88,17,82,43,93,29,44,107,77,85,96,95,69,119,26,110,37,56,28,31,86,118,63,109,27,94,112,65,102,21,59,81,5,108,8,78,68,73,30,42,66,48,23,41,80,64,47,2,46,120,105,72,99,70,54,34,38,6,33,76,36,40,104,13,114,121,58,11,19,92,113,22,84,62,123,111,74,100,101,9,122,49,55,106,52,116,89,90",5000,100
27,2,64139.274995155174,11.265475021337627,"67,117,18,16,79,29,51,125,3,35,7,71,60,10,20,12,115,88,17,82,43,93,116,89,90,52,106,14,15,50,83,57,25,32,97,87,94,112,77,107,44,91,103,4,39,61,96,95,69,119,23,41,66,81,5,108,8,78,68,73,30,105,72,120,46,99,70,54,34,38,6,33,76,114,121,58,11,19,92,113,22,84,62,123,111,74,100,101,36,40,104,13,9,122,49,55,65,102,21,59,26,110,37,56,28,31,86,118,63,109,85,64,80,2,47,48,42,75,98,124,45,53,24,27",5000,100
27,3,62291.89796431596,17.52752001166772,"83,57,25,24,50,15,14,75,98,124,45,53,91,103,4,39,61,32,97,87,94,112,77,107,44,17,82,43,93,29,79,51,125,3,35,7,71,60,10,20,12,115,88,16,18,117,67,89,90,52,106,116,72,120,46,99,70,54,34,38,6,33,76,114,121,58,11,19,92,113,22,84,62,123,111,74,100,101,36,40,104,13,9,122,49,55,65,102,21,59,81,5,108,8,78,68,73,30,105,23,41,66,48,95,69,119,26,110,37,80,64,2,47,28,56,42,96,85,86,118,63,109,31,27",5000,100
27,4,63001.19445372114,12.254944093267389,"45,53,91,103,4,39,61,32,97,87,94,112,77,107,44,17,82,43,93,29,79,51,125,3,35,7,71,60,10,20,12,115,88,16,18,117,67,89,90,52,106,116,72,120,46,99,70,54,34,38,6,33,76,114,121,58,11,19,92,113,22,84,62,85,96,95,69,119,26,110,37,56,28,31,86,118,63,109,27,83,57,25,24,50,15,14,75,98,124,123,111,74,100,101,36,40,104,13,9,122,49,55,65,102,21,59,81,5,108,8,78,68,73,30,42,66,48,23,41,64,80,2,47,105",5000,100
28,0,67974.9711558339,11.500564150447,"39,103,4,32,97,94,112,87,77,27,86,31,118,63,81,59,5,108,42,30,73,68,64,47,2,80,37,110,26,119,23,41,69,48,95,21,102,65,55,122,49,22,84,62,85,96,11,58,101,113,92,19,76,34,38,6,33,121,36,114,9,40,104,13,66,72,105,120,46,99,54,70,8,78,111,123,74,100,44,17,82,43,93,16,18,117,67,106,52,116,89,90,14,15,124,45,53,91,88,12,115,125,60,10,20,7,35,3,51,79,29,71,98,75,50,25,57,83,61,56,28,109,24,107",5000,100
28,1,64481.523595676845,13.715795590067067,"54,70,38,6,33,76,34,114,40,9,36,121,58,11,19,92,113,22,84,62,107,44,17,82,43,93,75,98,124,45,53,91,103,39,61,4,32,94,97,87,30,73,68,42,108,8,78,102,65,55,122,21,5,81,59,48,23,41,69,26,110,56,28,2,47,64,80,37,66,95,119,118,63,86,31,109,27,77,112,15,14,83,57,25,24,67,117,18,16,29,79,51,125,3,35,7,71,60,10,20,12,88,115,106,52,90,89,116,50,105,72,99,46,120,96,49,123,111,74,100,101,13,104,85",5000,100
28,2,62305.61336635877,15.32680421537321,"9,40,104,13,101,49,122,21,102,65,55,73,68,42,108,8,78,5,81,59,48,23,41,66,72,99,46,70,54,34,38,114,58,121,36,11,19,92,113,22,84,62,85,96,95,69,26,110,37,56,28,2,47,64,80,119,118,31,86,63,109,27,77,112,94,97,87,32,61,39,91,53,45,124,15,98,75,14,50,83,57,25,24,67,18,16,117,3,35,7,71,60,125,51,79,29,10,20,12,88,115,106,52,116,89,90,17,82,43,93,103,4,107,44,74,123,111,100,33,6,76,30,105,120",5000,100
28,3,63753.64762340367,14.122303153762916,"97,87,77,112,94,27,109,63,86,118,31,56,28,2,47,64,80,37,110,26,119,69,95,48,23,41,66,81,5,108,8,78,65,55,122,102,21,68,73,49,22,84,62,123,111,74,100,101,11,58,121,36,9,40,104,13,34,38,114,6,33,76,70,54,46,99,72,105,120,30,42,96,85,107,44,17,82,43,93,12,88,115,116,89,90,106,52,67,117,18,16,29,10,20,60,125,3,35,7,71,79,51,75,98,124,45,53,91,103,4,61,39,32,83,57,25,24,50,14,15,113,92,19,59",5000,100
28,4,62867.15086468608,14.15933208283991,"112,94,97,87,32,61,39,103,4,124,45,53,91,43,82,17,44,107,62,85,96,95,48,23,41,66,81,59,5,108,8,78,65,55,122,102,21,68,73,30,105,72,99,46,120,70,54,104,13,34,38,6,33,76,121,36,9,40,114,58,11,19,92,113,22,84,123,111,74,100,101,49,77,14,15,98,75,79,29,10,20,12,88,115,51,3,35,7,71,116,89,90,106,52,67,117,18,16,93,125,60,24,50,83,57,25,27,109,63,86,118,31,56,28,2,47,64,80,37,110,26,119,69,42",5000,100
28,5,62139.94736121242,15.425343772074742,"87,32,97,61,39,103,4,124,45,53,91,15,98,75,14,50,83,57,25,24,67,117,18,16,79,29,10,20,60,125,3,35,7,71,116,89,90,106,52,12,88,115,51,93,82,43,17,44,107,62,85,96,95,48,23,41,66,81,5,108,8,78,65,55,122,102,21,68,73,42,30,105,72,99,46,120,70,54,34,38,6,33,76,121,36,9,40,104,13,101,11,19,92,113,22,84,123,111,74,100,49,77,112,94,27,109,63,86,118,31,56,28,2,47,64,80,37,110,26,119,69,59,114,58",5000,100
29,0,62148.55932613108,12.247523690415589,"83,57,25,50,24,67,117,18,16,79,29,51,125,3,35,7,71,116,89,90,106,52,60,10,20,12,115,88,17,82,43,93,44,107,77,112,85,96,78,8,108,42,68,73,30,105,72,120,46,99,70,54,34,38,33,6,76,121,114,9,40,104,13,36,58,11,19,92,113,22,84,62,123,111,74,100,101,81,59,66,41,23,48,95,69,26,110,37,80,64,119,49,122,102,65,55,21,5,56,28,47,2,118,31,86,63,109,27,94,97,87,32,61,39,103,4,53,45,124,98,75,15,14,91",5000,100
29,1,61923.87863736347,13.468324912223883,"91,53,45,124,98,75,14,15,83,57,25,50,24,67,117,18,16,79,29,51,125,3,35,7,71,116,89,90,106,52,60,10,20,12,115,88,17,82,43,93,44,107,77,112,94,97,87,32,61,39,103,4,27,109,85,96,78,8,108,42,30,105,72,120,46,99,70,54,34,38,33,6,76,121,58,11,19,92,113,22,84,62,123,111,74,100,101,36,9,40,104,13,114,49,122,102,65,55,21,5,81,59,66,41,23,48,95,69,26,110,37,80,64,2,47,28,56,31,118,63,86,68,73,119",5000,100
30,0,63105.583251294316,14.248934682199723,"82,43,93,91,53,45,124,98,75,14,15,50,83,57,25,24,67,117,18,16,79,29,60,10,20,12,115,88,17,44,107,62,84,49,122,55,65,102,21,5,81,59,48,23,41,66,42,108,8,78,68,73,30,105,120,46,99,70,54,34,38,6,33,76,121,58,11,19,92,113,22,123,111,74,100,101,36,9,40,104,13,114,72,85,96,95,69,119,26,110,37,80,64,47,2,56,28,31,86,118,63,109,27,94,97,87,39,103,4,32,61,116,89,90,106,52,125,3,35,7,71,51,112,77",5000,100
30,1,61734.20481904955,15.003091202755524,"27,94,97,87,39,103,4,124,45,53,91,44,107,77,112,85,96,95,69,119,26,110,37,80,64,47,2,56,28,31,86,118,63,109,62,84,22,49,122,55,65,102,21,5,81,59,48,23,41,66,42,108,8,78,68,73,30,105,120,46,99,70,54,34,38,6,33,76,121,58,11,19,92,113,101,36,9,40,104,13,114,72,100,74,123,111,10,20,116,89,90,106,52,12,115,88,17,82,43,93,16,18,117,67,29,51,125,3,35,7,71,60,79,32,61,50,83,57,25,24,98,75,14,15",5000,100
30,2,63656.21155109034,12.035377908307488,"27,94,97,87,39,103,4,124,45,53,91,61,32,62,84,123,111,74,100,101,36,9,40,104,13,114,38,6,33,76,121,58,11,19,92,113,22,49,122,55,65,102,21,5,81,59,48,23,41,66,42,108,8,78,68,73,30,105,120,46,99,70,54,34,26,110,37,80,64,47,2,56,28,31,86,118,63,109,112,77,85,96,95,69,119,71,60,10,20,29,79,51,125,3,35,7,116,89,90,106,52,12,115,88,93,82,43,17,44,107,15,50,83,57,25,24,67,117,18,16,75,14,98,72",5000,100
30,3,62388.69605606262,14.622585898720954,"83,57,25,24,50,15,14,98,75,124,45,53,91,61,39,103,4,32,97,87,77,112,85,96,95,69,119,26,110,37,80,64,47,2,56,28,31,86,118,63,109,27,94,116,89,90,106,52,12,115,88,93,82,43,17,44,107,62,84,123,111,74,100,101,36,9,40,104,13,114,38,6,33,76,121,58,11,19,92,113,22,49,122,55,65,102,21,5,81,59,48,23,41,66,42,108,8,78,68,73,30,105,120,46,99,70,54,34,67,117,18,16,79,29,51,125,3,35,7,71,60,10,20,72",5000,100
